First_Term_Gpa,Second_Term_Gpa,First_Language,Funding,FastTrack,Coop,Residency,Gender,Previous_Education,Age_Group,Math_Score,English_Grade,First_Year_Persistence
0.0,0.0,1,2.0,1,0,0,2.0,1,1,16.0,7,1.0
2.5,2.0,3,4.0,0,1,1,2.0,1,3,32.6760710553814,7,1.0
4.25,3.923077,1,1.0,1,0,0,1.0,2,3,41.0,9,1.0
3.020833,2.321429,3,4.0,0,1,1,2.0,2,3,32.6760710553814,8,1.0
4.275,4.326923,1,2.0,0,0,0,1.0,2,3,32.6760710553814,9,1.0
4.357143,4.326087,1,2.0,1,0,0,2.0,2,3,45.0,9,1.0
2.210526,1.375,1,2.0,1,0,0,2.0,1,1,20.0,7,0.0
2.045455,2.961538,1,2.0,1,0,0,2.0,1,1,34.0,9,1.0
4.285714,3.608696,1,2.0,1,0,0,1.0,1,2,39.0,9,1.0
2.863636,1.3,1,2.0,1,0,0,2.0,1,1,29.0,7,1.0
2.75,2.75,3,4.0,0,1,1,2.0,2,3,41.0,8,1.0
2.125,2.136364,1,2.0,1,0,0,2.0,1,2,18.0,7,1.0
1.46,0.0,1,2.0,1,1,0,2.0,1,1,17.0,9,1.0
4.421053,4.315789,1,2.0,1,1,0,2.0,1,4,38.0,7,1.0
3.791667,3.979167,4,4.0,1,1,1,2.0,1,4,47.0,8,1.0
3.717391,3.895833,3,4.0,0,1,1,2.0,2,3,32.6760710553814,10,1.0
4.233333,4.277778,1,2.0,1,1,0,1.0,2,8,32.6760710553814,9,1.0
3.413043,3.346154,3,8.0,0,1,0,2.0,2,8,32.6760710553814,7,1.0
3.375,3.696429,3,4.0,0,1,1,2.0,2,3,32.6760710553814,4,1.0
3.785714,3.431818,3,4.0,1,1,1,2.0,1,3,48.0,10,1.0
3.58,3.346154,3,4.0,0,1,1,2.0,2,3,32.6760710553814,8,1.0
3.086957,2.65625,1,2.0,1,1,0,2.0,1,1,28.0,9,0.0
4.5,4.421053,1,2.0,1,1,0,1.0,2,3,32.0,9,1.0
3.6,3.190476,3,4.0,0,1,1,1.0,1,3,32.6760710553814,9,1.0
3.425,3.175,3,4.0,1,1,1,2.0,2,3,32.6760710553814,8,1.0
3.770833,3.5,3,4.0,1,1,1,2.0,1,2,48.0,9,1.0
2.071429,3.166667,3,2.0,1,0,0,2.0,2,6,41.0,8,1.0
2.55,3.022727,3,2.0,0,1,0,2.0,2,8,32.6760710553814,8,1.0
3.782609,3.269231,3,4.0,0,1,1,1.0,2,2,32.6760710553814,8,1.0
3.979167,4.037037,3,4.0,0,0,1,1.0,2,3,32.6760710553814,7,1.0
2.645833,3.020833,3,4.0,1,1,1,2.0,2,1,39.0,8,1.0
4.5,4.5,1,2.0,1,1,0,2.0,2,3,43.0,9,1.0
3.065217,3.210526,3,2.0,1,0,0,1.0,0,4,26.0,9,1.0
2.125,1.409091,3,2.0,1,1,0,2.0,1,2,31.0,9,0.0
1.6,2.566667,1,2.0,1,0,0,2.0,1,2,21.0,7,1.0
4.225,4.428571,3,4.0,1,1,1,1.0,1,1,46.0,9,1.0
3.595238,3.0,3,4.0,1,1,1,2.0,1,2,48.0,8,1.0
3.82,3.611111,1,2.0,1,1,0,2.0,1,3,20.0,9,1.0
3.928571,4.190476,1,2.0,1,1,0,1.0,2,4,40.0,9,1.0
2.565217,2.153846,1,1.0,1,0,0,2.0,1,1,25.0,9,1.0
2.52381,1.823529,3,2.0,1,0,0,2.0,1,2,16.0,4,1.0
4.309524,4.095238,1,2.0,1,1,0,1.0,1,2,48.0,9,1.0
3.865385,3.844828,3,4.0,0,1,1,2.0,2,3,47.0,4,1.0
2.05,2.555556,1,2.0,1,1,0,1.0,1,1,23.0,10,1.0
3.47619,2.975,1,2.0,1,0,0,1.0,2,3,32.0,9,1.0
3.304348,3.326923,3,4.0,0,0,1,1.0,1,3,32.6760710553814,8,1.0
1.105263,0.0,1,2.0,1,1,0,2.0,2,2,22.0,7,0.0
2.23913,2.361111,3,4.0,1,1,1,2.0,2,1,32.0,8,1.0
3.54,2.521739,1,2.0,1,1,0,2.0,1,1,34.0,7,1.0
3.526316,2.477273,1,2.0,1,0,0,2.0,1,1,19.0,7,1.0
1.78,2.8201755787000775,1,2.0,1,0,0,2.0,1,1,28.0,9,0.0
4.38,4.425,1,2.0,1,1,0,2.0,1,4,26.0,9,1.0
3.027778,2.235294,3,4.0,1,1,1,2.0,1,2,29.0,9,1.0
2.309524,3.043478,3,4.0,0,1,1,2.0,1,3,32.6760710553814,8,1.0
2.875,3.068182,3,4.0,0,1,1,2.0,2,3,32.6760710553814,8,1.0
3.826087,3.704545,1,2.0,1,1,0,1.0,1,6,26.0,9,1.0
3.32,1.333333,1,2.0,1,1,0,2.0,1,3,32.0,9,1.0
2.875,2.795455,1,2.0,1,0,0,2.0,1,1,43.0,9,1.0
3.456522,3.52381,3,2.0,1,0,0,1.0,1,2,40.0,8,1.0
2.695652,2.630435,1,1.0,1,0,0,2.0,1,1,29.0,9,1.0
3.06,3.304348,3,4.0,0,1,1,2.0,2,3,45.0,8,1.0
3.277778,3.44,3,4.0,0,1,1,2.0,1,3,32.6760710553814,9,1.0
0.2,0.0,3,2.0,1,0,0,2.0,0,3,23.0,9,0.0
2.94,1.727273,1,2.0,1,1,0,1.0,1,2,19.0,9,0.0
0.0,2.8201755787000775,1,2.0,1,1,0,2.0,0,4,26.0,9,0.0
1.857143,2.8201755787000775,4,4.0,1,1,1,2.0,1,1,47.0,7,0.0
3.804348,3.714286,3,4.0,1,1,1,1.0,2,2,40.0,4,1.0
4.065217,3.72,1,2.0,0,0,0,2.0,2,3,32.6760710553814,9,1.0
1.526316,0.157895,1,2.0,1,1,0,2.0,1,2,21.0,7,0.0
1.710526,0.346154,2,2.0,1,0,0,2.0,1,2,10.0,7,0.0
2.956522,3.52381,3,4.0,1,1,1,1.0,2,1,35.0,8,1.0
2.157895,3.552632,3,4.0,1,0,1,2.0,1,2,49.0,8,1.0
4.02381,4.184211,3,2.0,1,1,0,2.0,2,5,44.0,10,0.0
1.975,0.0,1,2.0,1,1,0,2.0,1,3,32.6760710553814,9,1.0
0.4375,0.0,1,2.0,1,1,0,2.0,1,1,20.0,7,0.0
3.925,3.02381,1,2.0,1,1,0,2.0,0,4,39.0,7,1.0
2.571429,2.388889,1,2.0,1,0,0,2.0,1,1,38.0,9,1.0
3.4,3.326087,1,2.0,1,1,0,2.0,1,3,35.0,3,1.0
3.521739,3.288462,3,4.0,0,1,1,1.0,1,3,32.6760710553814,7,1.0
0.543478,0.0,3,4.0,1,1,1,2.0,1,3,27.0,5,1.0
2.369565,2.6875,1,2.0,1,0,0,1.0,1,1,22.0,10,1.0
3.347826,2.704545,3,4.0,1,1,1,1.0,1,1,31.0,4,1.0
3.456522,2.98,3,4.0,0,1,1,2.0,2,3,32.6760710553814,9,1.0
3.880952,3.434783,1,2.0,1,0,0,2.0,1,1,42.0,9,1.0
1.541667,1.934783,1,2.0,1,1,0,2.0,1,1,24.0,9,1.0
3.56,3.318182,1,2.0,1,0,0,2.0,1,1,29.0,9,1.0
0.157895,0.0,1,2.0,1,0,0,2.0,1,1,19.0,7,0.0
3.854167,3.66,4,4.0,1,1,1,2.0,1,2,49.0,8,1.0
2.58,2.282609,1,2.0,1,1,0,2.0,1,2,19.0,7,1.0
3.882353,3.605263,1,2.0,1,1,0,2.0,2,3,25.0,9,1.0
2.210526,2.363636,1,8.0,1,1,0,2.0,1,7,16.0,9,1.0
4.217391,4.333333,3,2.0,1,1,0,1.0,2,7,46.0,10,1.0
3.354167,3.681818,1,2.0,1,1,0,2.0,1,2,20.0,7,1.0
2.928571,2.375,1,2.0,1,0,0,2.0,1,3,36.0,9,1.0
3.452381,1.090909,3,4.0,1,0,1,2.0,1,3,47.0,10,1.0
3.068182,2.977273,1,2.0,1,0,0,2.0,1,2,32.0,5,1.0
3.818182,3.75,3,4.0,1,1,1,2.0,1,2,47.0,10,1.0
1.230769,1.625,1,2.0,1,1,0,2.0,1,1,23.0,7,1.0
3.916667,3.815789,1,2.0,1,1,0,2.0,1,1,39.0,9,1.0
1.176471,1.95,1,2.0,1,0,0,2.0,1,2,16.0,7,1.0
2.275,1.9,3,4.0,0,1,1,2.0,2,3,32.6760710553814,4,0.0
3.875,4.119048,1,2.0,1,1,0,2.0,1,1,40.0,10,1.0
1.568182,2.8201755787000775,1,2.0,1,1,0,2.0,0,3,29.0,8,0.0
4.434783,4.46,1,2.0,0,1,0,1.0,2,3,32.6760710553814,9,1.0
2.416667,2.365385,3,4.0,0,1,1,1.0,1,3,32.6760710553814,7,1.0
1.59375,2.978261,3,2.0,1,0,0,2.0,1,1,36.0,7,1.0
2.304348,1.809524,3,4.0,0,1,1,2.0,2,3,32.6760710553814,8,1.0
3.5,3.5,3,4.0,0,1,1,1.0,2,3,32.6760710553814,4,1.0
0.0,2.8201755787000775,1,2.0,1,1,0,2.0,1,1,29.0,7,0.0
4.095238,3.97619,1,2.0,1,1,0,1.0,1,1,32.6760710553814,9,1.0
3.354167,3.821429,3,4.0,0,1,1,2.0,2,3,32.6760710553814,8,1.0
0.0,2.8201755787000775,3,4.0,0,1,1,2.0,2,3,32.6760710553814,8,0.0
3.083333,3.522727,1,2.0,1,0,0,2.0,1,3,42.0,9,0.0
4.261905,4.340909,1,8.0,1,1,0,2.0,2,8,38.0,9,1.0
4.23913,4.0,1,2.0,1,0,0,1.0,2,3,26.0,9,1.0
2.9,2.886364,3,4.0,0,1,1,2.0,2,3,32.6760710553814,8,1.0
3.5,3.692308,3,4.0,0,1,1,1.0,2,4,32.6760710553814,8,1.0
3.565217,3.28,3,4.0,0,1,1,2.0,1,2,32.6760710553814,9,1.0
1.525,0.0,1,2.0,1,1,0,2.0,1,2,16.0,9,0.0
2.0,1.388889,1,2.0,1,0,0,2.0,1,1,22.0,7,0.0
1.285714,1.458333,3,4.0,0,1,1,1.0,2,3,32.6760710553814,10,1.0
0.0,2.8201755787000775,1,2.0,1,1,0,2.0,1,4,25.0,9,0.0
3.409091,3.194444,1,2.0,1,1,0,2.0,1,3,15.0,9,1.0
3.173913,3.18,3,4.0,0,1,1,2.0,2,3,32.6760710553814,10,1.0
2.1,2.386364,4,4.0,1,1,1,2.0,1,3,44.0,8,0.0
3.025,3.275,1,2.0,1,1,0,2.0,1,1,29.0,9,1.0
2.434783,2.307692,3,4.0,0,1,1,2.0,1,3,32.6760710553814,8,1.0
3.568182,3.236842,3,4.0,1,1,1,2.0,2,1,45.0,9,1.0
2.90625,1.884615,3,2.0,1,1,0,2.0,1,1,27.0,9,1.0
3.35,3.361111,3,2.0,1,1,0,1.0,2,3,46.0,4,1.0
4.131579,3.891304,2,2.0,1,1,0,2.0,2,6,46.0,8,1.0
4.357143,4.409091,1,2.0,1,1,0,2.0,1,3,48.0,10,1.0
4.076923,4.434783,1,2.0,0,1,0,2.0,2,7,32.6760710553814,10,1.0
0.947368,2.03125,1,2.0,1,1,0,1.0,1,1,14.0,7,0.0
4.08,4.175,1,2.0,1,1,0,2.0,2,7,21.0,9,1.0
3.895833,3.857143,1,2.0,1,1,0,1.0,2,2,21.0,9,1.0
2.289474,2.478261,1,2.0,1,1,0,2.0,1,2,15.0,7,1.0
3.16,3.545455,1,2.0,1,1,0,1.0,1,1,38.0,9,1.0
3.428571,3.4,3,4.0,1,1,1,2.0,1,4,43.0,8,1.0
3.541667,3.021739,1,2.0,1,1,0,2.0,1,2,30.0,9,1.0
3.904762,2.590909,3,4.0,1,1,1,2.0,2,1,42.0,9,1.0
4.285714,4.019231,3,5.0,1,1,1,1.0,1,3,49.0,8,1.0
3.942308,3.769231,3,4.0,0,0,1,2.0,2,3,32.6760710553814,4,1.0
3.673913,3.942308,4,4.0,0,1,1,2.0,2,5,32.6760710553814,7,1.0
3.880952,3.0,1,2.0,1,0,0,1.0,1,1,43.0,9,1.0
3.52,3.391304,1,2.0,1,1,0,2.0,1,1,40.0,3,1.0
3.916667,3.769231,3,2.0,0,0,0,2.0,2,7,32.6760710553814,10,1.0
3.708333,3.25,4,5.0,1,1,1,2.0,1,2,48.0,7,1.0
3.804348,3.565217,1,2.0,1,1,0,2.0,1,1,39.0,9,1.0
4.021739,3.74,1,2.0,0,1,0,1.0,2,5,32.6760710553814,10,1.0
3.041667,3.303571,3,4.0,0,1,1,2.0,1,4,32.6760710553814,7,1.0
2.421053,1.076923,1,2.0,1,1,0,2.0,1,2,24.0,7,1.0
2.833333,3.318182,3,2.0,1,1,0,2.0,2,3,32.6760710553814,8,0.0
4.304348,4.0,1,2.0,1,0,0,1.0,2,3,44.0,9,1.0
4.238095,3.891304,3,2.0,1,1,0,2.0,2,6,48.0,10,1.0
3.568182,3.148148,3,4.0,0,1,1,2.0,1,4,32.6760710553814,9,1.0
4.022727,3.796296,3,4.0,0,1,1,2.0,1,3,32.6760710553814,10,1.0
2.416667,3.527778,3,4.0,1,1,1,2.0,2,1,49.0,10,1.0
0.0,2.8201755787000775,1,2.0,1,1,0,2.0,1,3,32.6760710553814,9,0.0
4.434783,4.277778,3,4.0,1,1,1,2.0,2,2,49.0,10,1.0
2.090909,1.833333,1,2.0,1,1,0,2.0,1,2,17.0,3,1.0
3.04,3.083333,1,1.0,1,0,0,2.0,1,4,27.0,9,1.0
2.891304,2.788462,3,4.0,0,1,1,2.0,2,4,32.6760710553814,8,1.0
3.55,3.6,1,2.0,1,1,0,2.0,2,3,37.0,9,1.0
2.386364,2.8201755787000775,3,4.0,0,1,1,2.0,1,3,32.6760710553814,3,0.0
2.15,2.8201755787000775,3,4.0,0,1,1,2.0,2,3,28.0,9,0.0
0.0,0.0,3,2.0,1,0,0,1.0,1,1,26.0,7,0.0
0.0,0.0,1,2.0,1,1,0,2.0,1,1,37.0,7,0.0
0.0,1.45,1,2.0,1,0,0,2.0,1,2,32.6760710553814,2,1.0
3.857143,3.568182,3,4.0,1,1,1,1.0,2,2,38.0,10,1.0
3.833333,3.464286,3,4.0,0,0,1,2.0,1,3,32.6760710553814,8,1.0
4.0,3.630435,3,4.0,1,1,1,2.0,2,1,45.0,8,1.0
3.227273,3.136364,1,2.0,1,0,0,2.0,1,1,41.0,8,1.0
3.043478,3.166667,3,2.0,1,1,0,2.0,2,2,38.0,9,1.0
3.547619,3.282609,1,2.0,1,1,0,2.0,1,3,12.0,8,1.0
3.078947,2.636364,1,2.0,1,1,0,2.0,1,4,22.0,7,1.0
0.24,0.0,1,2.0,1,1,0,2.0,1,3,17.0,7,0.0
2.722222,2.659091,3,4.0,1,1,1,2.0,2,1,21.0,8,1.0
2.55,2.772727,3,4.0,0,1,1,2.0,1,3,32.6760710553814,7,1.0
3.5,3.416667,3,2.0,1,0,0,1.0,2,5,43.0,4,1.0
3.06,2.538462,3,4.0,0,1,1,1.0,2,3,32.6760710553814,8,1.0
2.525,2.261905,3,4.0,0,1,1,2.0,2,3,32.6760710553814,10,1.0
0.54,2.8201755787000775,1,2.0,1,0,0,2.0,1,1,24.0,7,0.0
3.568182,3.763158,3,2.0,1,1,0,1.0,2,3,38.0,10,0.0
3.272727,1.5,1,2.0,1,1,0,2.0,1,1,32.6760710553814,7,1.0
2.521739,2.7,3,4.0,0,1,1,2.0,1,3,32.6760710553814,10,0.0
4.065217,3.934783,4,5.0,1,1,1,2.0,1,5,49.0,8,1.0
3.222222,3.448276,3,4.0,0,1,1,2.0,1,3,32.6760710553814,7,1.0
4.159091,4.236842,3,4.0,1,1,1,2.0,0,6,48.0,10,0.0
0.0,2.8201755787000775,3,4.0,1,1,1,1.0,2,2,32.6760710553814,8,0.0
2.357143,2.970588,1,2.0,1,1,0,1.0,1,3,32.0,9,1.0
4.194444,4.055556,1,2.0,1,1,0,1.0,2,3,32.6760710553814,9,1.0
4.095238,4.222222,1,2.0,1,1,0,1.0,2,3,32.6760710553814,9,1.0
3.729167,3.729167,3,4.0,1,1,1,2.0,1,3,45.0,8,1.0
3.454545,2.8201755787000775,3,2.0,1,1,0,2.0,1,3,23.0,7,0.0
3.08,2.65,3,2.0,1,0,0,1.0,1,1,35.0,7,1.0
3.5,2.846154,3,2.0,1,1,0,1.0,2,6,47.0,4,1.0
3.0,2.8201755787000775,1,2.0,1,0,0,2.0,2,3,26.0,9,0.0
2.447368,2.394737,3,4.0,1,1,1,2.0,1,2,32.6760710553814,7,1.0
0.0,2.8201755787000775,3,2.0,1,1,0,2.0,1,2,12.0,4,0.0
0.0,0.0,1,2.0,1,1,0,2.0,1,1,29.0,7,1.0
2.9,3.0,1,2.0,1,1,0,1.0,2,3,32.6760710553814,9,1.0
2.2,3.125,1,2.0,1,0,0,1.0,2,6,19.0,9,1.0
2.1,0.596154,1,1.0,1,0,0,2.0,1,1,22.0,9,0.0
2.04,1.159091,1,2.0,1,1,0,2.0,2,3,32.0,9,1.0
1.26087,2.8201755787000775,1,2.0,1,0,0,2.0,1,2,21.0,8,0.0
3.02,2.15,1,2.0,1,1,0,2.0,1,3,48.0,9,1.0
3.913043,2.833333,1,2.0,0,1,0,2.0,2,3,32.6760710553814,10,0.0
3.73913,3.809524,3,4.0,1,0,1,2.0,1,2,47.0,8,1.0
4.5,4.333333,1,2.0,1,1,0,2.0,2,3,32.6760710553814,9,1.0
2.472222,2.65625,3,4.0,1,1,1,2.0,1,2,42.0,10,1.0
3.021739,3.833333,4,4.0,1,1,1,2.0,1,1,39.0,9,1.0
3.759259,4.019231,3,4.0,0,1,1,2.0,2,3,32.6760710553814,8,1.0
4.22,4.136364,1,2.0,1,0,0,1.0,1,1,47.0,9,1.0
0.32,2.8201755787000775,1,2.0,1,1,0,2.0,0,3,15.0,9,0.0
3.73913,3.571429,3,4.0,0,1,1,2.0,2,3,32.6760710553814,10,1.0
2.15,2.8201755787000775,3,4.0,0,1,1,2.0,1,3,32.6760710553814,7,0.0
2.428571,1.0,1,2.0,1,1,0,2.0,1,1,21.0,7,0.0
3.434783,3.428571,3,4.0,1,1,1,1.0,1,2,37.0,4,1.0
1.535714,1.117647,3,4.0,0,1,1,2.0,2,3,32.6760710553814,8,1.0
0.705882,2.8201755787000775,3,2.0,1,0,0,2.0,2,3,47.0,5,0.0
4.113636,3.977273,3,2.0,1,1,0,1.0,2,5,46.0,8,1.0
3.4,3.090909,3,4.0,0,1,1,2.0,1,3,32.6760710553814,7,1.0
2.657895,1.888889,1,4.0,1,1,1,2.0,0,3,14.0,8,1.0
3.826923,4.347826,1,4.0,0,0,1,2.0,2,4,32.6760710553814,9,1.0
1.086957,1.45,3,4.0,1,1,1,1.0,1,1,32.6760710553814,7,0.0
3.28,2.795455,1,2.0,1,1,0,2.0,1,1,28.0,9,1.0
0.0,2.8201755787000775,1,2.0,1,1,0,2.0,0,2,16.0,9,0.0
3.75,3.02381,3,4.0,1,1,1,2.0,1,2,46.0,9,1.0
0.0,2.8201755787000775,1,2.0,1,0,0,2.0,1,2,32.6760710553814,5,0.0
2.318182,0.0,1,2.0,1,1,0,1.0,1,2,17.0,9,1.0
4.057692,3.73913,3,4.0,0,1,1,2.0,2,3,32.6760710553814,9,1.0
1.973684,1.204545,4,4.0,1,1,1,2.0,1,2,32.6760710553814,7,1.0
2.571429,0.0,1,2.0,1,1,0,2.0,0,3,19.0,7,0.0
3.391304,2.547619,3,4.0,0,0,1,2.0,2,3,32.6760710553814,9,1.0
4.2,4.142857,1,2.0,1,1,0,2.0,1,1,25.0,3,1.0
2.73913,2.64,3,4.0,0,1,1,2.0,2,3,32.6760710553814,10,1.0
3.694444,3.166667,3,4.0,0,1,1,1.0,2,3,32.6760710553814,8,1.0
2.804348,3.0,3,4.0,1,1,1,2.0,1,1,42.0,8,1.0
3.0,3.153846,3,4.0,0,1,1,2.0,2,3,32.6760710553814,8,1.0
1.0,1.538462,1,2.0,1,0,0,2.0,1,7,19.0,7,0.0
1.071429,0.0,1,2.0,1,0,0,2.0,1,1,31.0,9,1.0
3.565217,4.0,1,2.0,0,0,0,1.0,2,3,32.6760710553814,9,1.0
4.309524,4.190476,1,2.0,1,1,0,1.0,2,4,39.0,9,1.0
2.033333,2.071429,3,4.0,0,1,1,2.0,1,3,32.6760710553814,9,1.0
3.047619,3.195652,1,2.0,1,0,0,2.0,2,2,34.0,9,1.0
3.409091,2.37037,3,4.0,0,1,1,1.0,2,3,32.6760710553814,8,1.0
4.18,4.152174,3,2.0,0,0,0,2.0,2,4,32.6760710553814,10,0.0
3.954545,3.045455,3,2.0,1,1,0,2.0,1,1,35.0,8,1.0
4.38,4.272727,1,2.0,1,0,0,2.0,1,4,31.0,9,1.0
3.0,3.45,4,4.0,1,1,1,2.0,1,3,32.6760710553814,10,1.0
3.4,3.4,3,2.0,1,0,0,1.0,2,3,33.0,10,0.0
3.217391,3.25,3,4.0,0,1,1,1.0,2,4,32.6760710553814,8,1.0
3.145833,1.619048,3,2.0,1,1,0,2.0,2,4,38.0,8,1.0
2.98,2.6,1,2.0,1,1,0,2.0,1,1,28.0,9,1.0
3.131579,1.25,1,2.0,1,1,0,2.0,1,1,20.0,9,1.0
3.909091,3.159091,3,4.0,1,0,1,2.0,1,4,49.0,8,1.0
4.090909,3.840909,3,4.0,1,1,1,2.0,2,1,45.0,8,1.0
4.176471,4.214286,1,2.0,1,1,0,1.0,2,4,32.6760710553814,8,1.0
3.026316,2.291667,1,2.0,1,0,0,2.0,1,1,25.0,7,1.0
3.619048,4.041667,3,2.0,1,1,0,1.0,2,3,32.6760710553814,8,1.0
0.26087,2.318182,3,4.0,0,0,1,2.0,1,3,43.0,8,1.0
3.54,2.142857,1,2.0,1,1,0,2.0,1,1,31.0,9,1.0
3.611111,3.851852,1,8.0,0,1,0,2.0,2,7,32.6760710553814,10,1.0
0.0,2.8201755787000775,4,4.0,0,1,1,2.0,2,3,32.6760710553814,8,0.0
3.56,3.7,1,2.0,1,0,0,2.0,1,1,46.0,9,1.0
3.475,3.045455,3,4.0,0,1,1,2.0,1,3,32.6760710553814,8,1.0
3.145833,2.5,1,2.0,1,0,0,2.0,1,1,28.0,9,1.0
3.705882,3.673913,3,4.0,0,1,1,2.0,1,3,32.6760710553814,8,1.0
3.840909,4.26087,1,2.0,1,0,0,2.0,1,1,32.6760710553814,5,1.0
0.714286,0.0,3,4.0,0,0,1,2.0,1,3,32.6760710553814,8,0.0
3.825,3.225,4,4.0,1,1,1,2.0,2,3,32.6760710553814,5,1.0
3.5,4.02,3,4.0,0,1,1,2.0,2,3,32.6760710553814,10,1.0
4.130435,4.02381,4,4.0,1,1,1,1.0,1,3,42.0,8,1.0
2.921053,2.0,3,4.0,0,0,1,2.0,1,3,32.6760710553814,8,1.0
3.5,3.911765,4,4.0,1,0,1,2.0,1,5,35.0,9,1.0
1.94,2.5,1,2.0,1,1,0,2.0,1,1,36.0,7,1.0
3.5,2.934783,1,2.0,1,1,0,2.0,1,1,28.0,9,1.0
2.8,2.8201755787000775,1,2.0,1,1,0,2.0,1,1,23.0,9,0.0
2.97619,3.363636,1,8.0,1,1,0,2.0,0,6,30.0,9,1.0
4.086957,3.590909,3,4.0,1,1,1,1.0,1,3,32.6760710553814,3,1.0
4.285714,3.886364,3,4.0,1,1,1,2.0,1,2,44.0,10,1.0
2.852941,2.880952,1,2.0,1,0,0,2.0,2,1,25.0,7,1.0
2.404762,2.041667,1,2.0,1,1,0,2.0,0,1,32.6760710553814,9,1.0
3.055556,3.480769,3,4.0,0,1,1,2.0,1,3,32.6760710553814,7,1.0
2.7,1.815789,1,2.0,1,0,0,2.0,1,2,32.0,9,1.0
3.666667,3.58,3,4.0,0,1,1,1.0,1,4,32.6760710553814,9,1.0
2.847826,3.428571,3,4.0,1,1,1,1.0,1,2,32.0,8,1.0
2.921053,3.846154,1,2.0,1,0,0,1.0,2,3,43.0,9,1.0
2.880952,2.666667,3,4.0,1,1,1,2.0,2,3,37.0,4,1.0
0.230769,2.8201755787000775,3,4.0,1,1,1,2.0,1,2,39.0,2,0.0
1.954545,3.125,1,2.0,1,1,0,2.0,1,3,33.0,4,1.0
2.795455,2.543478,1,2.0,1,0,0,2.0,1,1,32.6760710553814,5,1.0
2.2,1.47619,1,2.0,1,1,0,2.0,1,1,23.0,7,1.0
0.0,2.8201755787000775,3,4.0,1,1,1,2.0,0,1,48.0,8,0.0
2.388889,2.7,3,2.0,1,1,0,2.0,1,2,34.0,9,0.0
3.56,3.175,1,2.0,1,1,0,2.0,1,1,34.0,9,1.0
3.458333,3.38,4,4.0,1,0,1,1.0,1,2,32.6760710553814,5,1.0
0.45,2.8201755787000775,1,2.0,1,1,0,2.0,1,2,23.0,7,0.0
2.1,2.8201755787000775,1,2.0,1,1,0,2.0,0,1,25.0,9,0.0
0.375,0.0,3,4.0,1,1,1,2.0,2,1,37.0,8,0.0
1.979167,1.605263,1,2.0,1,1,0,2.0,1,1,27.0,9,1.0
4.086957,3.673077,1,1.0,1,0,0,2.0,1,1,31.0,9,1.0
4.23913,2.8201755787000775,1,2.0,1,1,0,1.0,2,3,45.0,9,0.0
2.23913,3.095238,3,2.0,1,1,0,2.0,1,1,38.0,8,1.0
3.652174,3.625,3,4.0,1,0,1,1.0,2,1,47.0,9,1.0
3.68,3.68,3,4.0,0,1,1,1.0,1,3,32.6760710553814,8,1.0
4.043478,2.8201755787000775,3,4.0,1,1,1,1.0,1,2,46.0,9,0.0
3.086957,2.875,1,2.0,1,1,0,2.0,1,1,31.0,9,1.0
3.681818,2.021739,4,4.0,1,0,1,2.0,1,5,22.0,10,1.0
3.022727,2.8201755787000775,1,2.0,1,1,0,2.0,1,1,16.0,9,0.0
3.44,3.23913,1,2.0,1,1,0,2.0,1,1,24.0,7,1.0
0.0,2.8201755787000775,4,4.0,1,1,1,2.0,1,2,38.0,4,0.0
2.545455,2.842105,1,2.0,1,0,0,1.0,1,2,24.0,7,1.0
1.34,0.3,1,2.0,1,1,0,2.0,1,1,20.0,3,1.0
2.730769,3.882353,1,2.0,1,0,0,1.0,1,3,29.0,7,1.0
0.46,2.84375,3,4.0,1,1,1,2.0,1,2,17.0,7,1.0
2.275,1.233333,1,2.0,1,0,0,2.0,1,3,24.0,7,1.0
4.282609,4.238095,3,2.0,1,1,0,2.0,2,7,48.0,8,1.0
3.916667,3.979167,1,2.0,1,0,0,1.0,1,4,50.0,8,1.0
3.464286,3.470588,3,4.0,1,1,1,2.0,1,2,38.0,8,1.0
4.275,4.363636,1,2.0,1,0,0,2.0,2,4,47.0,9,1.0
3.82,3.6,1,2.0,1,1,0,2.0,2,3,30.0,9,0.0
2.26,2.076923,3,4.0,0,1,1,1.0,2,3,32.6760710553814,8,1.0
4.225,3.911765,1,2.0,1,1,0,2.0,2,7,35.0,8,1.0
1.727273,1.9,1,2.0,1,0,0,2.0,1,3,37.0,9,1.0
3.272727,2.608696,1,2.0,1,0,0,2.0,2,1,32.6760710553814,5,1.0
3.979167,3.333333,4,4.0,1,0,1,2.0,1,4,48.0,5,1.0
4.214286,4.047619,3,2.0,1,1,0,2.0,2,5,49.0,10,1.0
4.0,3.5,3,4.0,0,0,1,2.0,1,3,32.6760710553814,8,1.0
0.695652,2.8201755787000775,1,2.0,1,0,0,1.0,1,1,18.0,4,0.0
2.0,0.0,1,2.0,1,1,0,2.0,1,1,33.0,9,0.0
2.547619,2.891304,1,2.0,1,0,0,2.0,1,2,27.0,9,0.0
2.733333,3.02381,1,2.0,1,1,0,2.0,2,3,41.0,9,1.0
3.9,3.928571,3,4.0,0,1,1,1.0,1,3,32.6760710553814,10,1.0
3.152174,2.865385,3,4.0,0,1,1,2.0,2,3,32.6760710553814,8,1.0
3.043478,2.730769,3,4.0,0,1,1,2.0,1,3,32.6760710553814,8,1.0
2.416667,2.708333,3,4.0,0,1,1,2.0,1,4,32.6760710553814,8,1.0
2.842105,0.736842,1,2.0,1,0,0,2.0,1,1,23.0,9,1.0
3.9,3.727273,3,4.0,0,1,1,2.0,2,3,32.6760710553814,8,1.0
0.0,2.8201755787000775,1,2.0,1,0,0,2.0,1,2,15.0,3,0.0
1.730769,1.866667,4,4.0,1,0,1,2.0,1,3,35.0,10,1.0
2.891304,2.730769,1,1.0,1,0,0,2.0,1,1,20.0,7,1.0
3.277778,2.5,1,2.0,1,0,0,2.0,1,1,32.6760710553814,5,1.0
3.4,2.8201755787000775,1,2.0,1,1,0,2.0,2,3,33.0,9,0.0
3.586957,3.307692,3,4.0,0,1,1,1.0,1,4,32.6760710553814,8,0.0
2.456522,2.380952,3,4.0,1,1,1,2.0,1,1,37.0,9,1.0
2.25,2.2,1,2.0,1,1,0,2.0,2,2,32.6760710553814,7,1.0
0.0,0.0,1,2.0,1,1,0,2.0,1,1,16.0,9,0.0
2.456522,2.269231,3,4.0,0,1,1,2.0,1,3,32.6760710553814,8,1.0
3.543478,3.038462,1,1.0,1,0,0,2.0,1,2,28.0,7,1.0
4.152174,3.73913,1,2.0,1,0,0,1.0,2,4,25.0,9,1.0
4.386364,4.363636,3,8.0,1,1,0,2.0,0,7,49.0,10,1.0
3.738095,3.125,3,4.0,0,0,1,2.0,1,3,32.6760710553814,8,1.0
4.285714,4.413043,3,4.0,1,0,1,2.0,1,3,47.0,10,1.0
3.729167,3.653846,3,4.0,0,1,1,2.0,2,3,32.6760710553814,10,1.0
4.022727,4.0,3,2.0,1,0,0,2.0,1,3,45.0,9,1.0
2.825,3.0,1,2.0,1,1,0,2.0,1,1,28.0,9,1.0
4.25,4.175,4,4.0,1,1,1,2.0,0,4,32.6760710553814,10,1.0
3.875,3.979167,4,4.0,1,1,1,2.0,1,2,48.0,8,1.0
3.571429,2.717391,1,2.0,1,1,0,2.0,1,1,27.0,9,1.0
0.0,1.0,1,2.0,1,1,0,2.0,1,1,34.0,9,0.0
4.23913,2.8201755787000775,1,2.0,1,0,0,2.0,1,1,45.0,10,0.0
2.227273,2.62963,1,2.0,1,0,0,2.0,2,2,33.0,9,1.0
3.479167,3.473684,3,2.0,1,1,0,2.0,1,3,16.0,9,1.0
4.4375,4.384615,1,8.0,0,0,0,2.0,2,7,48.0,9,1.0
3.64,3.047619,1,2.0,1,1,0,2.0,2,4,32.6760710553814,9,1.0
2.7,3.204545,3,4.0,0,1,1,1.0,1,3,32.6760710553814,8,1.0
3.3125,3.888889,1,2.0,1,1,0,2.0,1,3,32.6760710553814,7,1.0
1.6,2.0,3,4.0,1,1,1,2.0,1,3,25.0,8,1.0
0.357143,0.0,1,2.0,1,1,0,2.0,0,3,26.0,4,1.0
3.695652,3.596154,3,2.0,0,1,0,1.0,2,4,32.6760710553814,8,1.0
3.717391,3.152174,3,2.0,1,0,0,2.0,1,1,44.0,9,1.0
2.5,2.26,3,4.0,0,1,1,2.0,1,1,32.6760710553814,7,1.0
4.041667,4.041667,4,4.0,1,1,1,2.0,1,4,48.0,8,1.0
4.066667,3.431034,3,2.0,1,1,0,2.0,2,3,31.0,9,1.0
3.72,2.761905,1,2.0,1,0,0,2.0,2,2,26.0,9,1.0
0.84,0.0,1,2.0,1,1,0,2.0,1,1,32.6760710553814,7,1.0
4.065217,3.461538,3,2.0,1,1,0,1.0,2,1,40.0,4,1.0
0.0,2.8201755787000775,1,2.0,1,1,0,2.0,0,2,9.0,7,0.0
2.673913,3.138889,3,4.0,1,1,1,2.0,1,2,42.0,10,1.0
1.230769,3.0,1,2.0,1,0,0,2.0,1,2,37.0,9,0.0
2.340909,2.136364,2,2.0,1,0,0,2.0,1,1,32.6760710553814,5,1.0
3.52381,3.404762,3,8.0,1,1,0,2.0,0,7,32.6760710553814,4,1.0
0.0,0.0,1,2.0,1,1,0,2.0,1,1,28.0,1,0.0
3.3,2.727273,1,2.0,1,1,0,2.0,2,3,33.0,7,1.0
3.1,2.47619,1,2.0,1,1,0,2.0,1,1,19.0,7,1.0
3.0,3.275,1,2.0,1,1,0,2.0,1,2,24.0,9,1.0
3.934783,3.590909,4,4.0,1,1,1,2.0,1,3,48.0,8,1.0
4.083333,4.277778,3,4.0,0,0,1,2.0,2,3,32.6760710553814,9,0.0
1.809524,1.954545,1,2.0,1,1,0,2.0,2,7,18.0,9,1.0
0.944444,0.0,3,4.0,0,1,1,1.0,1,3,32.6760710553814,8,0.0
3.175,2.952381,3,4.0,0,1,1,2.0,1,3,32.6760710553814,9,1.0
0.0,2.8201755787000775,1,2.0,1,1,0,2.0,1,2,22.0,9,0.0
2.227273,2.590909,1,2.0,1,1,0,1.0,1,3,29.0,9,1.0
2.425,2.767857,3,4.0,0,1,1,2.0,2,3,32.6760710553814,4,1.0
4.166667,3.978261,1,2.0,0,0,0,1.0,2,4,32.6760710553814,9,0.0
2.92,1.777778,1,2.0,1,1,0,2.0,2,4,31.0,9,0.0
3.020833,2.130435,3,4.0,1,1,1,2.0,2,3,34.0,8,1.0
2.409091,2.826087,1,2.0,1,0,0,1.0,2,3,27.0,4,1.0
3.35,4.5,1,2.0,1,0,0,2.0,1,3,21.0,9,0.0
0.795455,2.8201755787000775,1,2.0,1,0,0,2.0,1,2,23.0,7,0.0
3.23913,3.25,1,2.0,1,1,0,2.0,2,2,46.0,9,1.0
3.108696,2.6,1,2.0,0,1,0,2.0,2,7,32.6760710553814,5,1.0
4.285714,4.16,4,4.0,1,1,1,2.0,1,1,50.0,8,1.0
4.264706,4.166667,1,2.0,1,1,0,1.0,2,3,32.6760710553814,9,1.0
2.104167,2.958333,3,4.0,1,1,1,2.0,1,2,48.0,8,1.0
3.565217,1.86,3,4.0,0,1,1,1.0,1,3,32.6760710553814,10,1.0
2.090909,1.53125,1,2.0,1,0,0,1.0,1,3,19.0,4,1.0
0.0,2.8201755787000775,1,2.0,1,0,0,1.0,1,2,18.0,9,0.0
2.045455,2.8201755787000775,1,2.0,1,1,0,2.0,2,1,28.0,9,0.0
4.166667,4.413043,3,2.0,1,1,0,2.0,2,6,32.6760710553814,9,0.0
2.047619,2.368421,1,2.0,1,1,0,1.0,0,3,29.0,9,1.0
3.130435,2.480769,1,1.0,1,0,0,2.0,1,1,28.0,9,1.0
2.525,3.388889,4,4.0,1,1,1,2.0,1,2,42.0,4,1.0
2.227273,1.394737,1,2.0,1,0,0,2.0,1,1,32.6760710553814,5,0.0
3.325,3.375,3,2.0,1,1,0,2.0,2,6,29.0,7,1.0
3.854167,3.791667,3,2.0,1,0,0,2.0,0,3,48.0,4,1.0
2.44,2.788462,3,4.0,0,1,1,1.0,2,3,32.6760710553814,8,1.0
3.263158,2.565217,1,2.0,1,1,0,2.0,1,2,32.6760710553814,8,1.0
3.217391,3.272727,1,2.0,1,0,0,1.0,1,2,27.0,9,1.0
2.47619,1.681818,1,2.0,1,1,0,2.0,0,4,29.0,4,1.0
4.0,3.884615,1,2.0,1,0,0,2.0,1,1,45.0,9,1.0
4.309524,4.142857,1,2.0,1,1,0,1.0,2,3,32.6760710553814,9,1.0
3.833333,3.28,1,2.0,1,1,0,2.0,2,7,46.0,8,1.0
4.0,4.083333,1,2.0,0,0,0,2.0,2,3,32.6760710553814,9,0.0
2.545455,1.025,3,2.0,1,1,0,2.0,1,2,32.6760710553814,8,0.0
1.54,0.3,1,2.0,1,1,0,2.0,1,1,26.0,9,1.0
4.113636,3.895833,3,4.0,0,1,1,2.0,2,3,32.6760710553814,10,1.0
4.021739,4.315789,1,2.0,1,1,0,1.0,2,3,30.0,9,1.0
2.928571,3.125,1,2.0,1,0,0,2.0,1,1,37.0,9,1.0
3.1,3.295455,3,4.0,0,1,1,2.0,1,4,32.6760710553814,7,1.0
2.071429,2.8201755787000775,3,2.0,1,0,0,2.0,2,2,21.0,8,0.0
4.065217,3.952381,3,4.0,1,1,1,2.0,1,3,47.0,4,1.0
3.88,3.788462,3,4.0,0,1,1,2.0,2,3,32.6760710553814,8,1.0
2.804348,3.25,3,2.0,1,1,0,2.0,1,1,21.0,8,1.0
3.0625,2.8201755787000775,1,2.0,1,0,0,2.0,2,2,34.0,9,0.0
2.475,1.586957,1,2.0,1,0,0,2.0,1,2,33.0,9,1.0
3.94,3.148148,3,4.0,0,0,1,2.0,2,3,32.6760710553814,10,1.0
2.44,1.636364,3,4.0,0,1,1,2.0,1,3,32.6760710553814,8,1.0
2.166667,2.033333,3,4.0,0,1,1,1.0,1,3,32.6760710553814,9,1.0
4.357143,4.409091,1,8.0,1,1,0,2.0,0,5,34.0,9,1.0
4.111111,3.5,1,2.0,1,0,0,2.0,2,4,47.0,10,1.0
3.23913,3.309524,3,4.0,1,1,1,1.0,2,1,26.0,8,1.0
2.478261,2.576923,3,4.0,0,1,1,2.0,1,4,32.6760710553814,7,1.0
2.565217,2.0,4,4.0,1,1,1,2.0,1,2,42.0,7,1.0
3.869565,2.782609,3,8.0,1,1,0,2.0,0,7,38.0,8,1.0
2.98,3.673077,3,4.0,0,0,1,2.0,2,3,32.6760710553814,10,1.0
3.684211,0.136364,1,2.0,1,1,0,2.0,2,3,29.0,9,0.0
3.82,4.083333,1,1.0,1,0,0,2.0,2,3,29.0,7,1.0
2.583333,2.875,3,4.0,0,1,1,2.0,2,3,32.6760710553814,8,1.0
3.652174,4.0,3,4.0,1,1,1,1.0,1,1,46.0,9,1.0
3.416667,3.886364,3,4.0,0,0,1,2.0,2,3,32.6760710553814,10,1.0
3.907407,4.25,4,4.0,0,0,1,2.0,1,3,48.0,8,1.0
0.0,2.8201755787000775,1,2.0,1,1,0,2.0,0,3,32.6760710553814,5,0.0
3.1875,4.020833,3,4.0,1,1,1,2.0,1,1,42.0,8,1.0
4.217391,4.24,3,4.0,0,1,1,1.0,1,3,32.6760710553814,9,1.0
4.285714,4.409091,1,2.0,1,0,0,2.0,1,4,45.0,9,1.0
0.214286,2.8201755787000775,1,2.0,1,1,0,2.0,1,1,18.0,7,0.0
1.956522,0.0,1,2.0,1,1,0,2.0,2,3,34.0,9,0.0
4.166667,4.309524,1,2.0,1,1,0,1.0,2,3,32.6760710553814,9,1.0
3.782609,3.227273,3,4.0,0,1,1,2.0,2,3,32.6760710553814,8,1.0
2.605263,1.880952,1,2.0,1,1,0,2.0,1,3,23.0,7,1.0
0.5,1.375,1,2.0,1,1,0,2.0,1,1,31.0,7,0.0
3.886364,4.333333,1,2.0,1,0,0,2.0,1,4,48.0,9,1.0
3.291667,3.863636,1,2.0,1,1,0,2.0,1,3,19.0,7,1.0
1.47619,1.333333,1,2.0,1,1,0,2.0,1,2,36.0,8,1.0
2.772727,2.678571,1,2.0,1,1,0,2.0,0,3,25.0,8,1.0
3.804348,4.096154,3,4.0,1,1,1,1.0,1,1,46.0,8,1.0
3.54,3.565217,3,4.0,0,1,1,1.0,1,3,32.6760710553814,8,1.0
4.2,3.956522,3,2.0,1,1,0,2.0,2,3,49.0,8,1.0
4.16,2.8201755787000775,3,2.0,1,1,0,2.0,2,7,48.0,4,0.0
3.3125,3.0,1,2.0,1,1,0,2.0,2,6,39.0,8,1.0
2.5,0.6,1,2.0,1,1,0,2.0,1,1,18.0,7,1.0
3.666667,2.892857,3,4.0,0,1,1,2.0,1,3,32.6760710553814,7,1.0
3.5,1.275,1,2.0,1,1,0,2.0,1,3,44.0,9,0.0
2.6875,1.294118,1,2.0,1,1,0,2.0,2,3,28.0,9,1.0
2.291667,0.0,3,2.0,1,1,0,2.0,1,2,18.0,7,1.0
3.142857,2.466667,1,2.0,1,0,0,2.0,1,2,21.0,9,1.0
0.0,2.8201755787000775,3,4.0,1,1,1,2.0,1,2,33.0,4,0.0
3.18,3.521739,1,2.0,1,1,0,2.0,1,2,31.0,7,1.0
3.934783,3.9,3,4.0,0,1,1,1.0,2,3,32.6760710553814,10,1.0
2.638889,2.038462,3,4.0,0,1,1,2.0,1,3,32.6760710553814,8,1.0
4.119048,3.386364,3,2.0,1,0,0,2.0,0,2,49.0,9,1.0
2.916667,2.980769,3,4.0,0,0,1,2.0,2,3,32.6760710553814,10,1.0
3.7,2.583333,1,2.0,1,1,0,2.0,1,3,27.0,9,1.0
3.68,3.454545,3,4.0,0,1,1,2.0,2,3,32.6760710553814,10,1.0
3.26087,3.4,1,2.0,1,0,0,2.0,1,1,34.0,9,1.0
2.588235,1.225,1,2.0,1,1,0,2.0,1,1,31.0,7,0.0
0.0,2.8201755787000775,1,2.0,1,1,0,2.0,0,3,39.0,4,0.0
3.818182,3.078947,1,2.0,1,1,0,2.0,2,1,35.0,9,1.0
0.0,0.0,1,2.0,1,1,0,2.0,1,3,19.0,9,1.0
3.785714,2.788462,3,2.0,1,0,0,2.0,2,6,35.0,8,1.0
2.434783,1.944444,3,4.0,1,1,1,2.0,1,1,39.0,4,1.0
3.086957,3.543478,4,4.0,1,1,1,2.0,1,3,46.0,8,0.0
3.38,3.038462,3,4.0,0,1,1,1.0,2,3,32.6760710553814,10,1.0
3.761905,3.818182,4,5.0,1,0,1,2.0,1,2,47.0,10,1.0
3.852941,2.222222,1,2.0,1,1,0,2.0,1,3,48.0,9,1.0
3.3,2.886364,1,2.0,1,1,0,2.0,2,6,36.0,8,0.0
3.769231,3.2,3,4.0,1,1,1,2.0,1,4,32.6760710553814,5,1.0
2.047619,1.725,3,2.0,1,1,0,2.0,1,1,32.6760710553814,7,1.0
4.214286,4.152174,1,2.0,1,0,0,2.0,2,4,49.0,9,1.0
2.0,2.416667,4,4.0,1,1,1,2.0,1,1,42.0,4,1.0
2.0,2.181818,3,2.0,1,1,0,2.0,1,6,29.0,4,1.0
3.117647,1.14,3,2.0,1,0,0,1.0,2,3,25.0,8,1.0
2.090909,1.0,1,2.0,1,0,0,2.0,1,1,41.0,9,1.0
3.543478,3.386364,3,4.0,0,1,1,2.0,2,3,32.6760710553814,4,1.0
3.326087,2.090909,1,2.0,1,0,0,2.0,0,3,32.0,9,1.0
2.545455,1.947368,1,2.0,1,0,0,2.0,1,3,22.0,9,1.0
3.421053,2.886364,1,2.0,1,0,0,2.0,1,3,19.0,9,1.0
4.340909,3.86,4,4.0,0,0,1,2.0,2,3,41.0,9,1.0
2.545455,0.732143,3,4.0,0,1,1,1.0,2,3,32.6760710553814,10,1.0
2.694444,2.269231,3,4.0,0,1,1,2.0,1,3,32.6760710553814,7,1.0
2.0625,0.0,1,2.0,1,1,0,2.0,1,2,32.6760710553814,9,1.0
3.652174,3.714286,1,2.0,1,0,0,1.0,2,4,17.0,9,1.0
2.25,2.068182,3,4.0,1,1,1,2.0,1,2,40.0,8,1.0
2.15,3.0,4,4.0,1,1,1,2.0,1,1,41.0,4,1.0
0.0,2.8201755787000775,1,2.0,1,1,0,2.0,1,3,32.6760710553814,5,0.0
3.388889,3.458333,3,4.0,1,1,1,2.0,1,3,32.6760710553814,8,1.0
0.722222,2.8201755787000775,1,2.0,1,1,0,2.0,1,1,21.0,7,0.0
2.8,2.980769,3,4.0,0,0,1,2.0,2,3,32.6760710553814,10,1.0
2.275,0.875,1,2.0,1,1,0,2.0,1,2,22.0,7,0.0
3.02,2.958333,1,1.0,1,0,0,2.0,1,1,20.0,9,1.0
3.5,3.477273,3,2.0,1,0,0,2.0,2,2,34.0,7,1.0
4.043478,4.0,3,4.0,1,1,1,2.0,1,3,43.0,8,1.0
2.826087,2.615385,3,4.0,0,1,1,2.0,1,3,32.6760710553814,8,1.0
0.97619,2.8201755787000775,1,2.0,1,1,0,2.0,2,2,25.0,8,0.0
3.4,3.391304,1,2.0,1,1,0,2.0,0,6,18.0,9,1.0
2.263158,1.727273,1,2.0,1,1,0,2.0,1,2,21.0,7,1.0
2.58,3.375,1,2.0,1,0,0,2.0,1,2,27.0,9,1.0
4.047619,3.529412,3,4.0,1,1,1,2.0,1,4,47.0,9,1.0
2.583333,1.525,3,4.0,0,1,1,2.0,1,3,43.0,7,1.0
2.833333,2.818182,1,2.0,1,1,0,2.0,1,1,32.0,7,1.0
2.5625,2.22,3,4.0,1,1,1,2.0,2,1,49.0,8,1.0
2.76,2.56,4,4.0,0,1,1,1.0,1,3,32.6760710553814,10,1.0
3.56,3.7,3,2.0,1,1,0,2.0,1,2,44.0,8,1.0
2.4375,3.227273,1,2.0,1,1,0,2.0,1,1,24.0,7,1.0
0.386364,2.8201755787000775,1,2.0,1,1,0,1.0,2,2,19.0,9,0.0
2.913043,3.153846,3,4.0,0,1,1,1.0,1,3,32.6760710553814,7,1.0
3.125,1.892857,1,2.0,1,1,0,2.0,2,3,28.0,9,1.0
4.25,3.571429,1,2.0,1,0,0,2.0,1,1,44.0,9,1.0
3.6,2.777778,1,2.0,1,1,0,2.0,1,1,38.0,9,1.0
3.270833,2.729167,3,4.0,0,0,1,2.0,1,3,32.6760710553814,10,1.0
3.5,3.928571,1,2.0,1,0,0,1.0,2,5,41.0,9,1.0
4.4,4.166667,3,4.0,0,1,1,2.0,1,3,32.6760710553814,7,1.0
4.0,3.238095,1,2.0,1,1,0,1.0,1,2,32.6760710553814,9,1.0
0.931818,2.8201755787000775,1,2.0,1,1,0,2.0,0,3,26.0,9,0.0
1.575,1.108696,3,2.0,1,1,0,2.0,1,3,21.0,4,0.0
2.16,1.166667,1,2.0,1,1,0,2.0,0,5,21.0,7,1.0
3.020833,2.961538,3,4.0,0,1,1,2.0,1,4,32.6760710553814,10,1.0
4.131579,3.90625,1,2.0,1,1,0,2.0,1,3,36.0,9,1.0
2.833333,1.883333,3,4.0,0,1,1,2.0,1,3,32.6760710553814,8,1.0
3.325,3.318182,3,4.0,0,1,1,2.0,1,3,32.6760710553814,4,1.0
1.157895,2.8201755787000775,1,2.0,1,1,0,2.0,1,3,32.6760710553814,7,0.0
3.347826,3.5,1,2.0,1,0,0,1.0,1,3,38.0,7,1.0
3.305556,3.673077,3,4.0,0,1,1,2.0,1,3,32.6760710553814,7,1.0
2.54,3.108696,1,2.0,1,1,0,2.0,1,2,12.0,7,1.0
3.269231,2.105263,1,2.0,1,0,0,1.0,1,2,28.0,9,1.0
0.0,2.8201755787000775,1,2.0,1,1,0,2.0,1,1,23.0,7,0.0
3.454545,3.346154,1,2.0,1,1,0,1.0,2,3,25.0,9,1.0
0.0,2.8201755787000775,1,2.0,1,1,0,2.0,1,2,29.0,9,0.0
2.630435,3.113636,4,4.0,1,1,1,2.0,1,3,36.0,8,1.0
1.4375,0.0,1,2.0,1,1,0,2.0,1,3,27.0,9,0.0
4.021739,3.880952,3,4.0,1,1,1,1.0,1,1,44.0,7,1.0
2.230769,1.785714,4,4.0,1,1,1,2.0,1,1,38.0,4,1.0
2.0,1.833333,1,2.0,1,1,0,2.0,1,3,21.0,7,1.0
3.73913,4.347826,4,4.0,1,1,1,1.0,1,2,49.0,7,1.0
0.5625,2.8201755787000775,1,2.0,1,0,0,2.0,1,3,15.0,9,0.0
4.357143,4.409091,1,2.0,1,0,0,2.0,2,4,42.0,9,1.0
3.804348,3.782609,3,4.0,0,1,1,2.0,2,3,32.6760710553814,8,1.0
4.130435,4.095238,3,2.0,1,0,0,2.0,2,3,44.0,8,1.0
2.714286,2.722222,1,2.0,1,1,0,2.0,1,6,25.0,9,0.0
2.869565,3.16,3,4.0,0,1,1,2.0,2,3,32.6760710553814,10,1.0
0.25,2.8201755787000775,1,2.0,1,1,0,3.0,1,2,27.0,9,0.0
1.857143,0.428571,1,2.0,1,0,0,2.0,2,1,24.0,7,1.0
2.184211,0.5625,1,2.0,1,1,0,2.0,1,1,18.0,9,1.0
1.805556,2.473684,3,4.0,1,1,1,2.0,1,2,37.0,8,1.0
3.766667,3.333333,1,2.0,1,0,0,2.0,2,5,32.6760710553814,5,1.0
4.058824,2.886364,3,4.0,0,0,1,2.0,1,3,32.6760710553814,10,1.0
3.895833,3.75,3,4.0,0,1,1,2.0,2,3,46.0,10,1.0
3.02,2.2,1,2.0,1,0,0,2.0,1,1,20.0,7,1.0
2.86,2.380952,3,2.0,1,1,0,2.0,1,2,24.0,4,1.0
3.0,2.5,1,2.0,1,1,0,2.0,2,2,26.0,7,1.0
2.18,1.566667,1,2.0,1,1,0,2.0,1,2,32.6760710553814,9,0.0
3.818182,1.75,1,2.0,1,0,0,2.0,2,3,19.0,10,1.0
3.73913,3.173077,3,4.0,0,1,1,1.0,2,3,32.6760710553814,8,1.0
3.145833,2.727273,3,2.0,1,1,0,2.0,1,1,31.0,8,0.0
4.1,4.047619,3,4.0,0,1,1,1.0,1,3,32.6760710553814,9,1.0
4.145833,3.5,1,2.0,1,1,0,2.0,0,2,34.0,9,1.0
3.804348,3.307692,3,4.0,0,1,1,1.0,2,3,32.6760710553814,10,1.0
0.736842,0.833333,1,2.0,1,0,0,2.0,1,1,20.0,9,1.0
4.16,4.0,1,2.0,1,1,0,2.0,1,1,30.0,9,1.0
3.395833,3.673913,3,4.0,0,1,1,2.0,2,3,32.6760710553814,8,1.0
2.815789,1.85,3,4.0,1,1,1,2.0,1,2,30.0,4,1.0
2.369565,1.78125,4,4.0,1,1,1,1.0,1,2,38.0,8,1.0
3.441176,1.363636,1,2.0,0,1,0,1.0,2,3,32.6760710553814,9,0.0
3.047619,2.772727,1,2.0,1,1,0,2.0,2,3,29.0,9,1.0
0.5,1.857143,1,2.0,1,0,0,2.0,1,2,42.0,9,0.0
3.875,4.0,3,4.0,0,1,1,2.0,2,3,32.6760710553814,8,1.0
0.0,0.0,1,2.0,1,1,0,1.0,0,2,27.0,9,0.0
3.5,3.25,1,2.0,1,0,0,1.0,0,7,32.0,10,1.0
4.428571,2.8201755787000775,1,2.0,1,1,0,1.0,2,3,32.6760710553814,9,0.0
3.02,3.18,4,4.0,1,1,1,2.0,1,3,45.0,8,1.0
3.1,3.0,3,2.0,1,1,0,2.0,1,1,30.0,9,1.0
3.479167,3.277778,3,2.0,1,0,0,2.0,2,6,42.0,8,1.0
3.673913,3.075,1,2.0,1,0,0,2.0,1,1,38.0,9,1.0
3.295455,3.159091,1,2.0,1,0,0,2.0,1,2,20.0,7,1.0
3.875,4.115385,3,4.0,0,0,1,2.0,2,3,32.6760710553814,10,1.0
1.956522,1.738095,4,4.0,1,1,1,1.0,1,1,36.0,8,1.0
3.22,2.857143,1,2.0,1,1,0,2.0,1,1,39.0,9,1.0
3.479167,3.285714,1,2.0,1,0,0,2.0,1,1,39.0,10,1.0
3.583333,1.666667,1,2.0,1,1,0,2.0,1,1,35.0,9,1.0
1.184211,0.136364,1,2.0,1,0,0,2.0,1,1,14.0,7,0.0
3.285714,3.526316,1,2.0,1,1,0,2.0,2,6,34.0,9,1.0
3.318182,3.565217,1,2.0,1,0,0,2.0,1,2,32.6760710553814,5,1.0
4.142857,4.074074,4,4.0,0,1,1,2.0,1,3,32.6760710553814,9,1.0
3.181818,2.727273,1,4.0,1,0,1,2.0,1,3,38.0,9,1.0
2.368421,2.8201755787000775,1,2.0,1,0,0,2.0,0,1,25.0,7,0.0
2.25,1.705882,3,2.0,1,1,0,2.0,1,2,35.0,10,1.0
0.26087,0.0,1,2.0,1,1,0,2.0,0,2,18.0,9,0.0
3.58,2.978261,1,2.0,1,1,0,2.0,1,1,36.0,7,1.0
2.75,2.384615,3,4.0,0,1,1,2.0,2,3,32.6760710553814,8,1.0
3.26087,2.461538,3,4.0,0,0,1,2.0,2,3,32.6760710553814,10,1.0
0.0,2.8201755787000775,1,4.0,1,1,1,2.0,0,2,6.0,7,0.0
4.4375,4.32,3,4.0,1,1,1,2.0,0,3,48.0,8,1.0
3.552632,3.78,3,4.0,0,1,1,2.0,2,3,32.6760710553814,8,1.0
1.928571,3.676471,1,2.0,1,1,0,2.0,1,3,22.0,9,1.0
2.717391,2.384615,3,4.0,0,1,1,1.0,2,3,32.6760710553814,8,1.0
2.0,2.2,1,2.0,1,1,0,2.0,1,1,32.6760710553814,9,1.0
1.75,0.727273,3,2.0,1,0,0,2.0,1,2,17.0,9,1.0
0.681818,2.8201755787000775,1,2.0,1,1,0,2.0,1,1,16.0,7,0.0
4.238095,4.086957,1,2.0,1,0,0,2.0,2,3,35.0,9,1.0
0.0,0.0,1,2.0,1,0,0,2.0,1,2,27.0,9,0.0
3.708333,4.0,1,2.0,1,0,0,2.0,1,1,46.0,9,1.0
2.416667,2.125,3,4.0,0,1,1,2.0,1,3,32.6760710553814,3,1.0
2.652174,3.466667,1,2.0,1,1,0,1.0,1,1,20.0,9,1.0
2.66,0.8,1,2.0,1,1,0,2.0,1,2,26.0,9,0.0
1.833333,2.8201755787000775,3,4.0,1,0,1,1.0,1,1,38.0,8,0.0
3.916667,4.166667,3,4.0,1,1,1,2.0,1,1,47.0,7,1.0
2.175,2.25,3,4.0,0,1,1,1.0,2,3,32.6760710553814,8,1.0
0.333333,2.8201755787000775,1,2.0,1,0,0,2.0,1,1,27.0,9,0.0
3.630435,3.416667,3,4.0,1,1,1,1.0,2,1,41.0,10,1.0
3.205882,2.973684,3,4.0,0,1,1,2.0,1,3,32.6760710553814,10,1.0
2.388889,2.692308,3,4.0,0,1,1,2.0,1,3,32.6760710553814,8,1.0
2.75,2.8201755787000775,1,2.0,1,1,0,2.0,1,3,20.0,9,0.0
4.043478,3.826923,3,4.0,0,1,1,1.0,2,3,32.6760710553814,7,1.0
3.1875,2.923077,3,2.0,1,1,0,2.0,2,4,23.0,4,1.0
3.75,3.045455,1,2.0,1,0,0,2.0,2,3,32.6760710553814,5,1.0
3.025,2.772727,3,4.0,0,1,1,1.0,1,4,32.6760710553814,8,1.0
4.347826,4.229167,4,4.0,0,1,1,1.0,2,5,32.6760710553814,9,1.0
2.6,1.825,3,2.0,1,1,0,2.0,1,1,32.0,3,1.0
2.68,2.190476,1,2.0,1,1,0,2.0,1,3,19.0,7,1.0
3.86,3.722222,1,2.0,1,1,0,2.0,0,3,28.0,9,1.0
3.52,3.568182,4,2.0,1,0,0,2.0,0,8,40.0,9,1.0
3.363636,2.444444,3,4.0,0,1,1,1.0,1,3,32.6760710553814,7,1.0
3.586957,3.416667,3,4.0,1,1,1,1.0,1,2,42.0,8,1.0
2.891304,3.666667,3,4.0,1,1,1,2.0,2,3,26.0,8,1.0
2.0,0.0,3,4.0,1,1,1,2.0,2,1,40.0,8,1.0
1.9,2.590909,3,4.0,0,1,1,2.0,1,3,32.6760710553814,4,1.0
0.886364,0.0,1,2.0,1,1,0,2.0,1,2,35.0,9,0.0
2.75,2.958333,3,4.0,0,0,1,2.0,1,2,32.6760710553814,8,1.0
3.204545,2.8201755787000775,1,2.0,1,1,0,2.0,1,1,28.0,10,0.0
3.880952,3.894737,1,2.0,1,0,0,2.0,2,3,35.0,9,1.0
4.26087,3.954545,4,4.0,0,1,1,1.0,2,4,48.0,9,1.0
4.12,4.296296,3,4.0,0,0,1,1.0,2,3,48.0,10,1.0
2.083333,1.763158,1,2.0,1,0,0,2.0,0,3,32.6760710553814,3,0.0
3.441176,4.0,1,2.0,1,1,0,1.0,1,1,27.0,9,1.0
2.416667,0.0,1,2.0,1,0,0,1.0,1,2,26.0,3,1.0
0.0,2.8201755787000775,1,2.0,1,0,0,2.0,2,2,45.0,7,0.0
4.238095,4.318182,3,2.0,1,1,0,2.0,2,7,43.0,4,1.0
3.42,2.277778,1,2.0,1,1,0,2.0,1,5,31.0,9,1.0
3.230769,3.021739,3,4.0,0,1,1,2.0,2,3,32.6760710553814,10,1.0
2.729167,2.84,1,4.0,1,0,1,1.0,1,2,38.0,7,1.0
1.55,1.105263,1,2.0,1,1,0,2.0,1,1,18.0,8,1.0
2.5,2.5,1,1.0,1,0,0,2.0,1,1,20.0,9,1.0
1.34375,3.142857,1,2.0,1,0,0,2.0,1,1,19.0,7,1.0
3.38,3.875,1,1.0,1,0,0,2.0,1,2,32.6760710553814,7,1.0
2.630435,2.821429,3,4.0,1,1,1,2.0,2,1,46.0,10,1.0
4.119048,3.3,3,4.0,1,1,1,2.0,1,1,48.0,8,1.0
0.176471,0.0,1,2.0,1,1,0,2.0,1,1,32.6760710553814,5,0.0
3.954545,4.0,3,2.0,1,0,0,1.0,2,5,48.0,8,1.0
4.104167,3.7,3,4.0,0,1,1,1.0,2,3,32.6760710553814,10,1.0
2.119048,2.68,3,4.0,0,1,1,2.0,2,3,32.6760710553814,8,1.0
1.785714,2.8201755787000775,1,2.0,1,0,0,2.0,2,3,20.0,9,0.0
3.619048,3.738095,1,2.0,1,1,0,1.0,2,7,37.0,9,1.0
2.36,2.8201755787000775,1,2.0,1,1,0,2.0,1,2,27.0,7,0.0
3.23913,3.44,3,4.0,0,1,1,1.0,1,3,32.6760710553814,9,1.0
3.97619,3.96,4,5.0,1,1,1,2.0,0,3,49.0,8,1.0
3.264706,3.5,4,4.0,1,1,1,2.0,1,1,44.0,4,1.0
3.36,2.44,3,2.0,1,0,0,2.0,1,2,33.0,8,1.0
3.4375,3.681818,1,2.0,1,0,0,2.0,0,3,41.0,9,1.0
3.6,2.638889,1,2.0,1,1,0,2.0,1,2,32.6760710553814,9,1.0
0.47619,2.8201755787000775,1,2.0,1,0,0,2.0,1,1,31.0,9,0.0
3.645833,3.305556,3,2.0,1,0,0,2.0,2,2,46.0,10,1.0
2.886364,2.8201755787000775,1,2.0,1,0,0,2.0,1,2,34.0,9,0.0
1.525,1.84375,1,2.0,1,1,0,2.0,1,1,17.0,9,1.0
1.571429,1.710526,1,2.0,1,0,0,2.0,1,1,32.0,9,1.0
2.72,0.909091,1,2.0,1,1,0,2.0,1,2,16.0,8,1.0
3.847826,3.7,3,4.0,0,1,1,1.0,1,3,32.6760710553814,9,1.0
3.729167,3.761905,1,2.0,1,0,0,2.0,2,3,38.0,9,1.0
0.0,2.8201755787000775,3,4.0,0,1,1,1.0,1,6,32.6760710553814,7,0.0
4.173913,3.557692,1,1.0,1,0,0,2.0,1,1,27.0,7,1.0
0.375,2.8201755787000775,1,2.0,1,1,0,2.0,1,1,25.0,3,0.0
4.195652,4.115385,1,1.0,1,0,0,2.0,1,2,41.0,7,1.0
4.25,3.925,4,4.0,1,1,1,1.0,1,4,32.6760710553814,10,1.0
2.25,2.666667,1,2.0,1,1,0,1.0,1,2,20.0,7,1.0
3.0625,3.5625,3,4.0,1,1,1,2.0,2,1,48.0,8,1.0
3.26087,3.714286,1,2.0,1,0,0,2.0,0,2,41.0,7,1.0
2.863636,3.125,1,2.0,1,1,0,2.0,2,6,17.0,9,1.0
4.166667,4.444444,3,4.0,1,1,1,1.0,1,4,43.0,10,1.0
2.176471,2.361111,1,2.0,1,1,0,2.0,1,3,13.0,3,1.0
2.92,2.25,1,2.0,1,1,0,2.0,1,1,42.0,9,1.0
3.84,3.28,3,4.0,0,0,1,2.0,1,3,32.6760710553814,7,1.0
3.904762,4.022727,3,8.0,1,1,0,2.0,1,5,47.0,4,1.0
0.0,3.7,1,2.0,1,1,0,2.0,1,4,25.0,9,1.0
3.5,3.08,3,4.0,0,1,1,1.0,2,3,32.6760710553814,10,1.0
4.134615,4.347826,3,4.0,0,1,1,1.0,2,3,47.0,9,1.0
3.7,0.0,1,2.0,1,1,0,2.0,1,2,32.6760710553814,9,1.0
2.833333,2.8201755787000775,1,2.0,1,0,0,2.0,1,3,32.6760710553814,5,0.0
4.107143,4.111111,1,2.0,1,1,0,2.0,2,3,32.6760710553814,9,1.0
3.225,2.652174,3,2.0,1,0,0,2.0,1,1,33.0,3,1.0
3.272727,2.727273,1,2.0,1,0,0,2.0,1,1,25.0,7,1.0
2.909091,2.795455,1,2.0,1,0,0,2.0,1,1,38.0,7,1.0
2.055556,2.153846,3,4.0,0,1,1,2.0,2,3,32.6760710553814,8,1.0
4.23913,4.45,4,4.0,1,1,1,1.0,1,2,49.0,10,1.0
2.615385,2.34,3,4.0,0,1,1,1.0,1,3,32.6760710553814,9,1.0
3.97619,3.847826,3,2.0,1,0,0,1.0,1,1,29.0,9,1.0
2.9,2.625,3,4.0,1,1,1,2.0,2,2,34.0,8,1.0
2.690476,3.111111,3,4.0,0,1,1,2.0,1,3,32.6760710553814,9,1.0
4.083333,3.980769,3,4.0,0,0,1,1.0,1,3,32.6760710553814,9,1.0
4.304348,3.673077,3,4.0,1,1,1,2.0,1,1,46.0,8,1.0
2.52,3.225,1,2.0,1,1,0,2.0,1,3,26.0,9,1.0
3.973684,3.75,3,8.0,1,1,0,2.0,0,6,39.0,10,1.0
4.125,3.275,3,4.0,0,0,1,2.0,1,3,32.6760710553814,9,1.0
1.675,2.5,3,4.0,0,1,1,1.0,2,3,32.6760710553814,8,1.0
2.82,2.270833,1,1.0,1,0,0,2.0,1,2,32.6760710553814,9,1.0
0.727273,2.8201755787000775,1,2.0,1,1,0,2.0,1,6,24.0,9,0.0
3.388889,3.44,3,4.0,0,1,1,2.0,1,3,32.6760710553814,9,1.0
3.065217,2.631579,1,4.0,1,0,1,2.0,1,4,21.0,7,1.0
3.108696,3.22,3,8.0,1,1,0,2.0,0,7,19.0,8,1.0
4.0,3.94,3,2.0,1,0,0,1.0,2,3,45.0,8,1.0
3.108696,2.611111,3,4.0,0,0,1,2.0,1,3,32.6760710553814,9,1.0
2.28,1.913043,1,2.0,1,1,0,2.0,1,1,24.0,7,1.0
2.217391,1.263158,1,2.0,1,0,0,2.0,2,2,16.0,7,1.0
0.0,2.8201755787000775,3,4.0,1,1,1,1.0,1,1,32.6760710553814,8,0.0
2.434783,2.0,3,4.0,1,1,1,2.0,2,1,34.0,8,1.0
3.428571,3.875,1,2.0,1,1,0,1.0,2,3,19.0,7,1.0
4.0,3.75,4,4.0,1,1,1,2.0,1,5,32.6760710553814,10,1.0
3.68,3.583333,1,2.0,1,1,0,2.0,1,1,34.0,9,1.0
4.35,3.96,1,2.0,0,1,0,1.0,2,3,32.6760710553814,9,0.0
0.818182,2.8201755787000775,1,2.0,1,1,0,1.0,1,2,15.0,7,0.0
4.108696,4.1,3,4.0,1,1,1,2.0,2,1,46.0,10,1.0
2.4,2.590909,3,4.0,0,1,1,2.0,1,3,32.6760710553814,7,1.0
3.295455,2.761905,3,4.0,0,1,1,2.0,1,3,32.6760710553814,10,1.0
3.083333,2.019231,3,4.0,0,1,1,2.0,1,3,32.6760710553814,8,1.0
2.28,2.42,3,4.0,0,1,1,2.0,2,3,32.6760710553814,8,1.0
3.125,3.075,3,2.0,1,1,0,2.0,2,7,32.6760710553814,8,1.0
3.934783,3.880952,3,4.0,1,1,1,1.0,2,3,45.0,8,1.0
3.26,3.111111,1,2.0,1,1,0,2.0,1,1,26.0,9,1.0
3.3,3.547619,3,4.0,0,1,1,1.0,1,3,32.6760710553814,9,1.0
3.6,2.5,3,4.0,1,1,1,2.0,1,1,43.0,9,1.0
2.9375,2.711538,3,4.0,0,1,1,2.0,2,3,32.6760710553814,10,1.0
3.913043,3.452381,3,4.0,1,0,1,2.0,1,1,45.0,8,1.0
2.68,2.5,3,4.0,0,1,1,2.0,2,3,32.6760710553814,8,1.0
3.76087,3.74,3,4.0,0,1,1,1.0,2,3,32.6760710553814,10,1.0
3.826087,3.522727,1,2.0,1,0,0,1.0,1,5,33.0,4,1.0
2.413043,1.3,3,4.0,1,1,1,1.0,1,1,25.0,8,1.0
2.375,2.954545,3,4.0,0,1,1,1.0,1,5,32.6760710553814,7,1.0
3.326087,2.62,3,4.0,0,0,1,2.0,1,3,32.6760710553814,9,1.0
4.041667,4.333333,3,4.0,1,0,1,2.0,1,3,49.0,10,1.0
4.173913,4.282609,4,4.0,1,1,1,2.0,1,3,44.0,8,1.0
3.785714,2.8201755787000775,3,4.0,1,1,1,2.0,1,1,49.0,10,0.0
1.96,1.764706,1,2.0,1,1,0,1.0,1,1,16.0,8,1.0
3.608696,3.613636,1,2.0,1,1,0,1.0,1,2,21.0,9,1.0
3.222222,3.423077,3,4.0,0,0,1,1.0,1,3,32.6760710553814,4,1.0
1.270833,2.8201755787000775,3,4.0,1,1,1,2.0,1,3,44.0,5,0.0
3.738095,2.454545,1,2.0,1,1,0,1.0,2,3,39.0,10,1.0
3.210526,1.431818,1,2.0,1,1,0,2.0,1,1,20.0,8,1.0
2.772727,3.214286,4,4.0,1,1,1,1.0,1,3,49.0,8,1.0
3.595238,2.236842,1,2.0,1,1,0,2.0,2,3,19.0,10,1.0
3.3,3.1,1,4.0,1,1,1,2.0,2,5,32.6760710553814,5,1.0
2.44,2.652174,1,2.0,1,1,0,2.0,1,1,30.0,7,1.0
2.375,2.818182,1,2.0,1,1,0,1.0,1,1,26.0,9,0.0
2.166667,2.590909,3,4.0,0,1,1,2.0,1,3,32.6760710553814,8,1.0
4.173913,3.891304,4,4.0,1,1,1,2.0,0,2,48.0,8,1.0
2.282609,0.0,1,1.0,1,0,0,2.0,1,3,32.0,8,1.0
3.333333,3.442308,3,4.0,0,1,1,2.0,2,3,32.6760710553814,10,1.0
1.35,0.0,4,4.0,1,1,1,2.0,1,2,46.0,8,1.0
2.913043,2.772727,3,4.0,0,1,1,2.0,2,3,32.6760710553814,8,1.0
0.363636,0.0,1,2.0,1,0,0,2.0,2,3,42.0,7,1.0
1.92,0.25,1,2.0,1,1,0,2.0,1,2,23.0,9,1.0
3.652174,3.82,3,4.0,0,1,1,1.0,2,3,32.6760710553814,9,1.0
1.636364,0.863636,1,2.0,1,0,0,2.0,1,2,42.0,7,1.0
4.02,3.478261,1,2.0,1,1,0,2.0,1,1,37.0,7,1.0
1.913043,1.233333,1,1.0,1,0,0,2.0,1,3,32.6760710553814,9,0.0
3.386364,2.25,1,2.0,1,0,0,2.0,1,1,32.6760710553814,5,1.0
3.76087,4.027778,1,2.0,1,1,0,1.0,2,3,40.0,9,1.0
4.5,4.409091,3,2.0,1,0,0,1.0,2,5,50.0,10,1.0
2.925,2.222222,1,2.0,1,1,0,1.0,2,2,26.0,9,0.0
2.03125,2.8201755787000775,1,2.0,1,1,0,2.0,2,5,32.6760710553814,9,0.0
4.282609,3.722222,1,2.0,1,0,0,1.0,1,1,46.0,9,1.0
4.369565,3.880952,1,2.0,1,1,0,2.0,2,7,43.0,7,1.0
2.805556,2.519231,3,4.0,0,1,1,1.0,1,3,32.6760710553814,7,1.0
0.142857,0.0,1,2.0,1,1,0,2.0,0,3,32.6760710553814,5,0.0
2.071429,2.545455,4,4.0,0,0,1,2.0,1,3,32.6760710553814,8,1.0
4.0625,4.16,3,4.0,1,1,1,2.0,1,3,48.0,8,1.0
3.233333,3.78125,3,4.0,1,1,1,2.0,2,3,49.0,8,1.0
4.434783,4.380952,1,2.0,1,0,0,1.0,1,1,29.0,9,1.0
2.94,3.25,1,2.0,1,1,0,2.0,1,3,21.0,9,1.0
2.54,2.75,3,4.0,0,0,1,2.0,2,4,32.6760710553814,10,1.0
1.730769,2.363636,3,4.0,1,0,1,1.0,1,2,47.0,10,1.0
3.684211,2.85,1,2.0,1,0,0,2.0,1,1,27.0,7,1.0
1.357143,0.0,1,2.0,1,1,0,2.0,1,1,23.0,7,1.0
3.42,2.636364,3,4.0,0,1,1,2.0,2,3,32.6760710553814,10,1.0
4.108696,4.14,1,2.0,0,0,0,1.0,2,6,32.6760710553814,9,1.0
2.847826,0.825,1,2.0,1,1,0,2.0,0,1,37.0,9,1.0
1.86,2.0,1,2.0,1,1,0,2.0,1,1,28.0,9,1.0
2.472222,1.26,3,4.0,0,1,1,1.0,2,3,19.0,8,0.0
4.28,4.068182,1,2.0,1,0,0,1.0,2,3,20.0,9,1.0
3.673913,3.714286,3,4.0,1,1,1,1.0,2,2,40.0,4,1.0
4.304348,4.166667,4,4.0,1,1,1,1.0,1,3,48.0,8,1.0
3.434783,3.134615,3,4.0,0,1,1,1.0,2,3,32.6760710553814,8,1.0
3.208333,2.565217,3,4.0,0,1,1,2.0,2,3,32.6760710553814,8,1.0
3.88,3.863636,1,2.0,1,0,0,2.0,1,2,34.0,9,1.0
1.5625,0.0,1,2.0,1,1,0,2.0,1,2,18.0,9,0.0
3.452381,2.142857,3,4.0,0,1,1,2.0,1,3,32.6760710553814,9,1.0
4.045455,4.434783,1,2.0,1,0,0,2.0,2,2,32.6760710553814,5,1.0
1.15,1.815789,3,2.0,1,0,0,2.0,2,4,25.0,8,1.0
3.85,4.022727,3,4.0,0,1,1,1.0,1,3,32.6760710553814,7,1.0
3.673913,3.461538,4,4.0,1,0,1,2.0,1,2,48.0,8,1.0
2.894737,2.740741,3,4.0,0,0,1,2.0,2,4,32.6760710553814,7,1.0
3.888889,3.5,3,2.0,0,1,0,1.0,2,5,32.6760710553814,5,1.0
1.125,1.0625,1,2.0,1,0,0,2.0,1,1,14.0,7,0.0
2.131579,2.981481,3,4.0,0,1,1,2.0,1,3,32.6760710553814,10,1.0
0.705882,2.8201755787000775,1,2.0,1,1,0,2.0,1,1,24.0,8,0.0
1.761905,0.0,1,2.0,1,1,0,2.0,1,2,32.6760710553814,4,1.0
3.02381,2.772727,3,4.0,1,1,1,2.0,1,1,39.0,4,1.0
3.368421,3.456522,1,2.0,1,0,0,2.0,1,1,32.6760710553814,8,1.0
3.36,3.56,1,2.0,1,0,0,2.0,1,3,44.0,8,1.0
2.625,2.8,3,4.0,1,1,1,2.0,2,3,32.6760710553814,8,1.0
0.0,2.8201755787000775,3,4.0,1,1,1,2.0,2,2,16.0,8,0.0
3.73913,3.315789,4,4.0,1,1,1,2.0,1,3,24.0,9,1.0
3.825,3.666667,3,4.0,0,1,1,2.0,2,3,32.6760710553814,10,1.0
0.0,2.8201755787000775,1,2.0,1,1,0,2.0,0,2,20.0,7,0.0
3.76,4.1,3,2.0,1,0,0,2.0,2,7,46.0,8,1.0
1.261905,0.964286,1,2.0,1,0,0,2.0,1,2,17.0,9,0.0
3.473684,2.909091,1,8.0,1,1,0,2.0,2,5,22.0,9,1.0
2.9,2.825,1,2.0,1,1,0,2.0,1,1,36.0,10,1.0
3.56,3.477273,3,2.0,1,0,0,2.0,1,1,19.0,10,1.0
2.6,2.433333,1,2.0,1,1,0,2.0,1,2,39.0,9,1.0
3.0,3.952381,4,4.0,1,1,1,1.0,1,3,46.0,4,1.0
3.0625,3.282609,3,4.0,1,1,1,2.0,2,1,48.0,10,1.0
4.295455,4.078947,1,2.0,1,0,0,2.0,2,5,45.0,10,1.0
3.4,3.096154,3,4.0,1,1,1,2.0,0,3,46.0,8,1.0
2.46,2.56,4,4.0,1,1,1,2.0,1,2,44.0,8,1.0
3.630435,3.26,4,4.0,0,0,1,2.0,1,4,49.0,8,1.0
3.225,1.90625,1,2.0,1,0,0,2.0,2,2,32.0,9,0.0
2.76087,2.229167,1,2.0,1,1,0,2.0,1,2,34.0,9,1.0
3.5,3.42,3,4.0,0,1,1,2.0,1,4,32.6760710553814,10,1.0
2.333333,2.634615,3,4.0,0,1,1,1.0,1,3,32.6760710553814,7,1.0
4.136364,3.977273,1,2.0,1,1,0,2.0,1,1,40.0,7,1.0
4.047619,3.76,1,2.0,1,0,0,2.0,1,2,47.0,9,1.0
2.65,3.05,1,2.0,1,0,0,2.0,1,1,21.0,9,1.0
1.578947,2.1,1,2.0,0,1,0,2.0,2,3,32.6760710553814,5,1.0
3.261905,2.956522,1,2.0,1,0,0,2.0,1,1,30.0,9,1.0
4.214286,4.071429,1,2.0,1,1,0,1.0,2,3,37.0,9,1.0
3.86,4.340909,1,2.0,1,1,0,1.0,2,2,47.0,10,0.0
3.1,3.022727,3,4.0,0,1,1,2.0,2,3,32.6760710553814,8,1.0
2.5625,2.068182,3,4.0,1,1,1,2.0,1,3,43.0,8,1.0
4.105263,4.159091,1,8.0,1,1,0,2.0,0,8,32.0,9,1.0
4.369565,4.5,3,1.0,1,0,0,2.0,2,4,46.0,10,1.0
2.956522,2.704545,3,4.0,0,0,1,2.0,1,3,32.6760710553814,7,1.0
4.181818,3.714286,3,2.0,1,1,0,2.0,2,3,35.0,10,1.0
4.357143,4.5,1,2.0,1,0,0,1.0,2,5,50.0,9,1.0
3.214286,3.068182,4,4.0,1,1,1,2.0,1,3,44.0,10,1.0
0.727273,0.692308,1,2.0,1,0,0,2.0,1,2,27.0,9,1.0
3.8125,3.547619,3,4.0,1,0,1,2.0,2,1,46.0,10,1.0
2.642857,3.104167,4,5.0,1,1,1,2.0,1,3,43.0,4,1.0
3.73913,2.7,3,4.0,0,1,1,2.0,1,3,32.6760710553814,9,1.0
3.14,3.7,1,2.0,1,1,0,2.0,1,1,33.0,9,1.0
3.826087,3.7,3,4.0,0,1,1,1.0,1,3,32.6760710553814,8,1.0
3.690476,2.625,3,4.0,1,1,1,2.0,1,3,44.0,8,1.0
3.909091,3.318182,3,4.0,1,1,1,2.0,2,3,24.0,8,1.0
3.309524,3.631579,1,2.0,1,0,0,2.0,1,1,20.0,9,1.0
1.833333,2.8201755787000775,3,4.0,1,1,1,2.0,1,1,44.0,8,0.0
3.34,3.42,1,2.0,1,1,0,2.0,1,1,16.0,3,1.0
3.1,3.5,1,2.0,1,1,0,1.0,1,2,32.6760710553814,9,1.0
4.184211,3.975,1,2.0,1,1,0,2.0,1,3,30.0,9,1.0
4.25,3.865385,3,4.0,0,1,1,1.0,1,3,32.6760710553814,8,1.0
2.75,2.875,1,2.0,1,0,0,1.0,1,2,40.0,9,1.0
0.761905,2.8201755787000775,1,2.0,1,0,0,2.0,1,1,25.0,7,0.0
2.5,2.545455,3,4.0,1,1,1,2.0,1,2,25.0,8,0.0
3.02381,2.545455,4,4.0,1,1,1,2.0,1,1,48.0,4,1.0
3.3,3.5,3,4.0,0,1,1,2.0,1,3,32.6760710553814,7,1.0
0.545455,2.8201755787000775,1,2.0,1,1,0,2.0,2,3,32.6760710553814,9,0.0
4.104167,4.0625,1,2.0,1,1,0,2.0,1,3,47.0,4,1.0
4.1,2.815789,4,5.0,1,0,1,2.0,1,3,48.0,10,1.0
4.295455,4.28,4,4.0,1,0,1,2.0,1,5,44.0,7,1.0
4.5,4.461538,1,2.0,0,0,0,1.0,2,4,32.6760710553814,9,1.0
3.625,3.12,4,4.0,1,1,1,1.0,1,1,44.0,7,0.0
1.928571,1.617647,1,2.0,1,1,0,2.0,1,1,19.0,9,1.0
1.428571,2.8201755787000775,3,2.0,1,0,0,2.0,1,1,25.0,4,0.0
0.0,2.8201755787000775,1,2.0,1,0,0,1.0,1,1,11.0,7,0.0
2.880952,2.166667,3,8.0,1,1,0,2.0,1,4,18.0,9,1.0
3.62,4.0,1,1.0,1,0,0,2.0,2,3,29.0,9,0.0
3.76,4.083333,1,1.0,1,0,0,2.0,2,4,32.6760710553814,3,1.0
3.56,3.153846,3,4.0,0,1,1,2.0,2,3,32.6760710553814,8,1.0
3.3,3.108696,1,2.0,1,1,0,2.0,1,2,20.0,7,1.0
2.107143,3.0,3,4.0,0,1,1,2.0,1,3,32.6760710553814,8,1.0
2.958333,3.160714,3,4.0,0,1,1,1.0,2,3,32.6760710553814,8,1.0
3.785714,3.652174,1,2.0,1,0,0,1.0,1,1,29.0,9,1.0
2.934783,2.730769,3,4.0,0,1,1,2.0,2,3,32.6760710553814,8,1.0
3.16,2.98,1,2.0,1,0,0,2.0,0,4,31.0,7,1.0
4.04,3.925,3,2.0,1,1,0,2.0,1,1,38.0,9,1.0
0.0,2.8201755787000775,1,2.0,1,0,0,2.0,0,2,43.0,9,0.0
2.0,0.0,3,2.0,1,1,0,1.0,1,1,29.0,4,0.0
2.275,2.636364,3,4.0,0,1,1,2.0,1,4,32.6760710553814,7,1.0
3.043478,2.413043,1,2.0,1,1,0,2.0,1,1,42.0,7,1.0
2.978261,3.04,3,4.0,0,1,1,2.0,2,3,32.6760710553814,10,1.0
3.521739,2.782609,1,2.0,0,1,0,2.0,2,7,32.6760710553814,10,1.0
4.431818,4.409091,1,2.0,1,0,0,2.0,2,4,45.0,9,1.0
3.522727,3.022727,1,2.0,1,1,0,2.0,2,4,25.0,9,1.0
0.0,2.8201755787000775,1,2.0,1,1,0,2.0,1,1,22.0,7,0.0
3.347826,1.710526,1,2.0,1,1,0,2.0,1,2,27.0,9,1.0
3.145833,2.777778,1,2.0,1,1,0,2.0,2,2,27.0,9,1.0
3.675,3.761905,3,4.0,0,1,1,1.0,2,3,32.6760710553814,8,1.0
0.652174,2.8201755787000775,3,4.0,0,1,1,2.0,1,3,32.6760710553814,9,0.0
3.125,1.269231,3,2.0,1,0,0,2.0,2,2,43.0,4,1.0
3.825,3.568182,3,4.0,0,1,1,1.0,1,3,32.6760710553814,8,1.0
1.642857,2.8201755787000775,1,2.0,1,0,0,2.0,1,1,24.0,7,0.0
3.847826,3.84,4,4.0,1,0,1,2.0,1,5,34.0,10,1.0
4.38,4.5,1,1.0,1,0,0,2.0,2,3,45.0,9,1.0
3.333333,3.652174,3,4.0,1,1,1,2.0,2,1,47.0,9,1.0
3.270833,3.45,3,2.0,1,1,0,2.0,2,5,16.0,10,1.0
2.82,2.02,3,4.0,0,1,1,2.0,1,3,32.6760710553814,4,1.0
2.795455,2.684211,4,4.0,1,1,1,2.0,1,2,48.0,8,1.0
2.095238,2.045455,1,2.0,1,1,0,2.0,2,2,22.0,3,1.0
3.73913,3.211538,3,4.0,0,1,1,2.0,1,3,32.6760710553814,8,1.0
3.6875,3.3,4,4.0,1,1,1,2.0,1,2,49.0,8,1.0
2.861111,1.478261,3,2.0,1,0,0,2.0,2,2,30.0,10,1.0
3.236842,1.233333,1,2.0,1,1,0,2.0,1,1,32.0,9,1.0
4.0,4.0,1,2.0,1,0,0,1.0,2,2,36.0,9,1.0
3.809524,3.652174,1,2.0,1,0,0,2.0,1,1,27.0,9,1.0
2.608696,2.846154,3,4.0,0,1,1,2.0,2,3,32.6760710553814,10,1.0
4.159091,4.421053,3,2.0,1,0,0,2.0,1,1,23.0,9,1.0
2.611111,2.470588,3,4.0,0,1,1,2.0,1,3,32.6760710553814,9,1.0
2.75,3.125,3,4.0,0,1,1,2.0,2,3,32.6760710553814,10,1.0
2.35,2.403846,3,4.0,0,1,1,1.0,2,4,32.6760710553814,8,1.0
1.857143,0.0,1,2.0,1,1,0,2.0,1,2,27.0,7,1.0
2.791667,2.357143,3,4.0,1,1,1,2.0,1,2,48.0,8,1.0
3.152174,3.0,3,4.0,0,1,1,1.0,2,3,32.6760710553814,10,1.0
2.5625,3.0625,3,4.0,0,1,1,2.0,2,3,32.6760710553814,8,1.0
3.0,2.961538,3,4.0,0,1,1,2.0,2,3,32.6760710553814,8,0.0
3.6875,4.047619,3,2.0,1,0,0,2.0,1,2,49.0,10,1.0
3.458333,3.727273,1,2.0,1,0,0,2.0,2,4,40.0,10,1.0
0.0,2.8201755787000775,3,4.0,1,1,1,2.0,1,1,44.0,8,0.0
2.46875,0.933333,1,2.0,1,1,0,1.0,1,1,18.0,1,1.0
4.125,3.903846,3,4.0,0,0,1,2.0,1,3,32.6760710553814,10,1.0
1.363636,0.695652,1,2.0,1,1,0,2.0,1,2,36.0,9,0.0
2.852941,3.113636,3,4.0,0,1,1,1.0,2,3,32.6760710553814,10,1.0
3.03125,2.125,3,4.0,1,1,1,2.0,1,3,39.0,8,1.0
1.789474,1.5,1,2.0,1,0,0,2.0,1,1,14.0,9,0.0
2.104167,3.090909,1,2.0,1,1,0,2.0,1,1,22.0,7,1.0
3.761905,3.217391,1,2.0,1,0,0,2.0,2,3,30.0,10,1.0
3.891304,4.142857,3,4.0,1,1,1,1.0,2,1,42.0,8,1.0
4.0,2.809524,4,4.0,0,1,1,2.0,1,3,49.0,10,1.0
3.975,3.894737,1,2.0,1,0,0,2.0,1,1,25.0,9,1.0
3.333333,2.660714,3,4.0,0,1,1,2.0,2,3,32.6760710553814,4,1.0
3.625,2.892857,3,4.0,0,1,1,2.0,2,3,32.6760710553814,8,1.0
4.043478,3.9,3,4.0,0,1,1,1.0,1,3,32.6760710553814,10,1.0
1.875,2.0,4,5.0,1,1,1,2.0,1,1,44.0,4,1.0
3.605263,2.818182,1,2.0,1,1,0,2.0,1,2,32.6760710553814,9,1.0
3.673913,3.869565,4,4.0,1,1,1,2.0,1,3,45.0,7,1.0
2.75,2.382353,3,4.0,1,1,1,2.0,1,2,48.0,9,1.0
2.28,3.375,1,2.0,1,0,0,2.0,1,2,26.0,9,1.0
4.347826,3.452381,1,2.0,0,0,0,2.0,2,3,32.6760710553814,9,1.0
3.020833,3.846154,3,4.0,0,1,1,2.0,2,3,32.6760710553814,10,1.0
2.125,0.0,1,2.0,1,0,0,2.0,0,2,36.0,9,0.0
3.934783,3.68,3,4.0,0,1,1,1.0,2,3,32.6760710553814,8,1.0
4.369565,4.357143,3,2.0,1,0,0,2.0,2,6,49.0,4,1.0
4.05,3.204545,1,2.0,0,0,0,1.0,2,3,32.6760710553814,9,0.0
0.625,0.0,1,2.0,1,1,0,2.0,2,3,26.0,9,1.0
2.392857,3.222222,1,2.0,1,0,0,2.0,1,1,42.0,7,0.0
3.794118,3.818182,3,4.0,0,1,1,1.0,2,4,32.6760710553814,10,1.0
3.083333,3.25,3,4.0,0,1,1,2.0,1,3,32.6760710553814,8,1.0
2.5,1.833333,1,2.0,1,1,0,2.0,1,2,29.0,7,1.0
3.347826,3.136364,1,2.0,1,1,0,1.0,2,2,44.0,7,1.0
3.673913,3.2,3,2.0,1,0,0,2.0,1,1,30.0,7,1.0
2.613636,2.03125,1,2.0,1,0,0,2.0,2,1,29.0,7,0.0
0.225,0.0,1,2.0,1,1,0,2.0,1,2,27.0,9,0.0
0.0,2.8201755787000775,1,2.0,1,0,0,1.0,1,3,20.0,9,0.0
2.826087,1.807692,3,4.0,0,0,1,2.0,1,3,32.6760710553814,9,1.0
3.380952,2.333333,1,2.0,1,0,0,1.0,1,1,40.0,9,0.0
3.428571,1.433333,1,2.0,1,0,0,1.0,1,3,49.0,7,1.0
0.204545,2.8201755787000775,1,2.0,1,1,0,2.0,2,2,22.0,9,0.0
3.166667,2.5,3,2.0,1,1,0,1.0,1,3,26.0,10,1.0
3.2,2.595238,1,2.0,1,1,0,2.0,1,1,24.0,7,1.0
2.675,3.333333,3,4.0,0,1,1,1.0,1,3,32.6760710553814,9,1.0
4.2,3.65625,1,2.0,0,0,0,1.0,2,3,32.6760710553814,9,0.0
2.5625,2.681818,3,8.0,1,1,0,1.0,0,4,47.0,8,1.0
3.571429,2.788462,1,2.0,1,1,0,2.0,2,2,39.0,9,1.0
1.5,1.6,1,2.0,1,0,0,2.0,1,2,31.0,9,1.0
3.326087,3.519231,3,4.0,0,1,1,2.0,1,3,32.6760710553814,8,1.0
4.204545,3.98,3,4.0,1,1,1,1.0,2,2,48.0,8,1.0
2.159091,2.865385,3,4.0,0,1,1,2.0,2,3,32.6760710553814,10,1.0
3.607143,3.423077,1,2.0,1,1,0,1.0,1,3,32.6760710553814,3,1.0
0.0,2.8201755787000775,3,4.0,0,1,1,2.0,1,3,32.6760710553814,8,0.0
1.5,2.444444,1,2.0,1,1,0,2.0,1,1,18.0,7,1.0
3.6,3.1,1,2.0,1,1,0,2.0,1,1,31.0,9,1.0
2.725,2.195652,1,2.0,1,1,0,2.0,1,1,43.0,9,1.0
0.0,2.8201755787000775,1,2.0,1,1,0,2.0,1,2,18.0,3,0.0
0.409091,1.7,3,4.0,1,1,1,2.0,0,1,32.0,4,1.0
3.652174,3.807692,3,4.0,0,1,1,1.0,2,3,32.6760710553814,8,1.0
3.4375,2.978261,1,2.0,1,0,0,2.0,1,2,17.0,4,1.0
4.065217,3.717391,3,4.0,1,1,1,2.0,1,1,49.0,9,1.0
2.475,1.416667,1,2.0,1,0,0,2.0,1,1,31.0,9,1.0
3.022727,2.5,1,2.0,1,1,0,2.0,1,1,22.0,9,1.0
0.0,2.8201755787000775,1,2.0,1,1,0,2.0,1,3,16.0,9,0.0
2.75,3.166667,4,4.0,1,1,1,2.0,1,3,44.0,4,1.0
4.272727,4.25,3,8.0,1,1,0,2.0,2,7,48.0,8,1.0
3.86,3.961538,1,2.0,1,0,0,2.0,1,1,42.0,9,1.0
3.7,3.380952,3,4.0,0,1,1,2.0,1,4,32.6760710553814,9,1.0
3.875,3.416667,3,4.0,1,1,1,2.0,1,1,48.0,8,1.0
4.090909,3.861111,1,2.0,1,1,0,2.0,1,5,28.0,9,1.0
4.195652,4.119048,3,2.0,1,0,0,1.0,2,7,47.0,10,1.0
3.56,3.190476,1,2.0,1,1,0,2.0,1,3,29.0,9,1.0
3.54,2.907407,4,4.0,0,0,1,2.0,1,3,32.6760710553814,10,1.0
1.53125,0.0,3,2.0,1,1,0,2.0,1,3,24.0,5,1.0
2.613636,2.87931,3,4.0,0,0,1,2.0,1,3,32.6760710553814,8,1.0
0.76087,0.0,1,2.0,1,0,0,2.0,1,1,34.0,9,0.0
2.642857,2.725,1,2.0,1,1,0,2.0,1,1,23.0,9,1.0
3.090909,2.772727,1,2.0,1,0,0,1.0,1,2,32.0,9,1.0
2.92,2.928571,1,2.0,1,0,0,2.0,1,1,26.0,9,1.0
3.456522,2.557692,3,4.0,0,1,1,2.0,1,3,32.6760710553814,7,1.0
4.195652,3.825,4,4.0,1,1,1,2.0,1,3,49.0,10,1.0
2.380952,2.130435,1,2.0,1,1,0,2.0,1,1,31.0,9,1.0
3.421053,2.8201755787000775,3,2.0,1,1,0,2.0,2,7,45.0,8,0.0
3.75,3.694444,1,2.0,1,0,0,2.0,1,1,42.0,9,1.0
1.0,1.25,1,2.0,1,1,0,2.0,1,1,27.0,9,0.0
3.804348,3.519231,3,4.0,0,1,1,1.0,2,3,32.6760710553814,10,1.0
3.880952,3.568182,1,2.0,1,0,0,2.0,1,1,38.0,9,1.0
1.305556,2.8201755787000775,3,2.0,1,0,0,2.0,1,1,44.0,7,0.0
0.0,0.0,3,4.0,1,0,1,2.0,1,3,32.6760710553814,8,0.0
2.86,2.375,3,4.0,1,0,1,2.0,0,1,19.0,8,1.0
1.809524,1.619048,1,2.0,1,1,0,2.0,1,1,23.0,7,0.0
3.934783,3.72,3,4.0,0,1,1,2.0,2,4,32.6760710553814,10,1.0
3.194444,3.519231,3,4.0,0,1,1,2.0,1,3,32.6760710553814,7,1.0
3.568182,2.931818,3,4.0,1,0,1,2.0,1,1,41.0,8,1.0
3.475,3.681818,4,4.0,0,1,1,2.0,2,4,38.0,8,1.0
2.73913,2.307692,3,4.0,0,1,1,2.0,2,3,32.6760710553814,8,1.0
1.782609,1.891304,3,4.0,1,1,1,2.0,2,1,43.0,8,1.0
2.657895,0.3,1,2.0,1,0,0,2.0,2,3,25.0,7,0.0
0.315789,2.8201755787000775,1,2.0,1,1,0,2.0,1,3,22.0,9,0.0
2.2,2.59375,1,2.0,1,1,0,1.0,2,4,27.0,9,1.0
2.5,3.045455,3,4.0,0,1,1,2.0,1,3,32.6760710553814,8,1.0
0.0,2.636364,3,4.0,1,0,1,1.0,2,4,48.0,9,0.0
3.175,3.522727,4,4.0,1,1,1,1.0,1,1,16.0,10,1.0
3.94,2.695652,3,2.0,1,1,0,2.0,1,2,48.0,4,1.0
3.666667,3.166667,1,2.0,1,1,0,1.0,2,3,20.0,5,1.0
0.0,0.0,1,2.0,1,1,0,2.0,0,2,21.0,9,1.0
3.891304,4.019231,1,4.0,0,0,1,1.0,2,4,32.6760710553814,9,1.0
4.0,3.904762,1,2.0,1,1,0,1.0,1,1,32.6760710553814,9,1.0
2.947368,2.586957,3,4.0,0,1,1,2.0,1,3,32.6760710553814,3,1.0
2.642857,0.0,1,2.0,1,0,0,2.0,1,2,43.0,8,1.0
4.23913,4.357143,4,4.0,1,0,1,1.0,1,3,50.0,8,1.0
0.0,2.8201755787000775,1,2.0,1,1,0,2.0,1,1,31.0,9,0.0
3.368421,3.12,1,2.0,1,1,0,2.0,1,1,32.6760710553814,9,1.0
3.266667,2.44,3,4.0,0,1,1,2.0,2,3,32.6760710553814,8,1.0
3.236842,2.763158,3,4.0,1,1,1,2.0,1,2,22.0,8,1.0
1.928571,2.043478,1,2.0,1,1,0,2.0,1,2,11.0,3,1.0
2.0,1.210526,1,2.0,1,0,0,1.0,1,2,24.0,9,1.0
2.470588,2.18,3,4.0,1,1,1,2.0,1,3,22.0,8,1.0
3.227273,3.130435,1,2.0,1,0,0,2.0,2,2,30.0,5,1.0
0.0,0.0,1,2.0,1,1,0,2.0,1,1,32.0,9,0.0
3.630435,3.833333,1,8.0,1,1,0,1.0,0,6,46.0,8,1.0
2.727273,2.295455,3,4.0,1,1,1,2.0,1,3,31.0,7,1.0
2.190476,1.411765,4,4.0,1,1,1,2.0,1,3,18.0,8,1.0
3.119048,3.041667,1,2.0,1,0,0,2.0,1,2,36.0,8,1.0
1.03125,0.666667,1,2.0,1,1,0,1.0,1,1,18.0,3,0.0
0.0,2.125,1,2.0,1,0,0,2.0,2,3,19.0,9,1.0
4.357143,3.886364,4,5.0,1,0,1,1.0,1,3,49.0,10,1.0
3.675,3.5,3,4.0,0,1,1,2.0,2,2,32.6760710553814,8,1.0
0.0,0.0,4,4.0,1,1,1,2.0,1,2,48.0,9,0.0
2.6,2.605263,3,4.0,0,1,1,2.0,1,3,32.6760710553814,10,1.0
2.826087,1.725,1,2.0,1,1,0,1.0,1,3,17.0,9,1.0
1.192308,1.214286,3,2.0,1,1,0,2.0,1,2,29.0,4,1.0
2.894737,2.46,3,4.0,0,1,1,2.0,1,3,32.6760710553814,10,1.0
3.391304,3.1,3,4.0,0,1,1,2.0,2,3,32.6760710553814,4,1.0
3.395833,3.478261,3,4.0,0,0,1,2.0,1,4,32.6760710553814,9,1.0
3.04,2.590909,3,4.0,0,0,1,2.0,2,3,32.6760710553814,10,0.0
3.675,3.931818,3,4.0,0,1,1,1.0,1,3,32.6760710553814,7,1.0
2.04,1.875,3,4.0,1,1,1,1.0,2,3,24.0,4,1.0
3.595238,3.340909,1,2.0,1,0,0,2.0,1,2,34.0,9,1.0
3.961538,4.108696,3,4.0,0,1,1,2.0,2,3,32.6760710553814,10,1.0
3.23913,3.527778,1,2.0,1,1,0,1.0,1,1,27.0,9,0.0
4.076923,3.108696,1,2.0,1,1,0,2.0,1,2,45.0,9,1.0
4.403846,4.434783,1,2.0,0,1,0,2.0,2,3,32.6760710553814,9,1.0
0.0,2.8201755787000775,1,2.0,1,1,0,2.0,1,2,26.0,9,0.0
3.854167,3.791667,4,4.0,1,1,1,2.0,1,1,49.0,8,1.0
0.0,2.8201755787000775,3,4.0,0,1,1,2.0,1,3,32.6760710553814,8,0.0
4.166667,4.111111,1,2.0,1,1,0,1.0,2,3,32.6760710553814,9,1.0
4.28,4.340909,1,2.0,1,0,0,2.0,1,3,42.0,9,1.0
1.676471,1.733333,1,2.0,1,0,0,2.0,1,1,31.0,9,1.0
1.9,2.071429,1,2.0,1,1,0,2.0,1,1,22.0,8,1.0
3.795455,2.8201755787000775,1,2.0,1,0,0,2.0,1,1,32.6760710553814,5,0.0
0.25,2.8201755787000775,1,2.0,1,1,0,2.0,1,1,22.0,7,0.0
3.979167,3.589286,3,4.0,0,1,1,1.0,2,3,32.6760710553814,4,1.0
2.26,1.8,1,2.0,1,0,0,2.0,1,1,22.0,3,1.0
3.3,3.275,1,2.0,1,1,0,2.0,1,3,16.0,9,1.0
2.978261,2.134615,1,1.0,1,0,0,2.0,1,1,27.0,9,1.0
3.475,3.454545,3,4.0,0,1,1,1.0,2,4,32.6760710553814,8,1.0
3.6,3.775,4,4.0,1,1,1,2.0,1,4,32.6760710553814,8,1.0
4.086957,3.94,4,4.0,0,1,1,1.0,2,2,32.6760710553814,9,1.0
1.676471,2.678571,3,4.0,1,1,1,2.0,2,1,12.0,4,0.0
4.354167,4.340909,1,2.0,1,1,0,1.0,1,3,41.0,9,1.0
3.131579,2.0,1,2.0,1,0,0,2.0,2,4,13.0,9,1.0
3.431818,1.795455,1,2.0,1,0,0,2.0,1,2,21.0,7,1.0
3.043478,3.08,3,4.0,0,1,1,2.0,2,3,32.6760710553814,8,1.0
2.32,2.45,1,2.0,1,1,0,2.0,1,2,30.0,7,1.0
0.48,2.8201755787000775,1,2.0,1,1,0,2.0,1,1,24.0,9,0.0
3.333333,3.46,3,4.0,0,1,1,1.0,1,3,32.6760710553814,9,1.0
3.105263,2.666667,1,2.0,1,0,0,1.0,2,2,32.6760710553814,5,1.0
3.568182,2.826923,4,4.0,1,1,1,1.0,1,3,31.0,4,1.0
3.309524,2.868421,1,2.0,1,0,0,2.0,2,3,30.0,10,1.0
3.979167,4.227273,3,8.0,1,1,0,2.0,1,6,48.0,8,1.0
2.204545,2.347826,1,2.0,1,1,0,2.0,2,2,18.0,7,1.0
2.880952,2.47619,1,1.0,1,0,0,2.0,1,2,21.0,7,1.0
2.454545,1.84375,1,2.0,1,1,0,2.0,1,2,31.0,7,1.0
4.434783,4.5,1,2.0,1,0,0,2.0,1,1,44.0,9,1.0
3.659091,3.526316,1,2.0,0,1,0,1.0,2,6,32.6760710553814,8,1.0
4.217391,4.270833,3,4.0,0,0,1,1.0,2,3,32.6760710553814,10,1.0
4.369565,4.357143,3,4.0,1,1,1,1.0,1,2,49.0,7,1.0
3.56,1.309524,1,2.0,1,1,0,2.0,1,1,24.0,7,1.0
3.869565,3.291667,3,4.0,0,0,1,2.0,2,3,32.6760710553814,10,1.0
2.825,3.595238,4,4.0,1,1,1,2.0,1,3,46.0,4,1.0
3.8,3.795455,3,4.0,0,1,1,1.0,1,3,32.6760710553814,7,1.0
2.833333,2.28,3,4.0,1,0,1,1.0,1,2,48.0,8,1.0
3.608696,2.630435,3,4.0,1,1,1,2.0,1,1,44.0,4,1.0
2.916667,3.416667,3,4.0,0,1,1,2.0,2,3,34.0,10,1.0
2.934783,2.846154,3,4.0,0,1,1,2.0,2,3,32.6760710553814,8,1.0
3.090909,2.981481,1,4.0,0,1,1,2.0,2,4,32.6760710553814,8,1.0
2.047619,2.404762,4,4.0,0,1,1,2.0,1,3,32.6760710553814,7,1.0
3.630435,4.02381,3,4.0,1,1,1,2.0,2,1,45.0,7,1.0
1.5,2.545455,1,2.0,1,1,0,2.0,2,3,25.0,7,0.0
2.913043,3.173077,3,2.0,0,1,0,1.0,2,5,32.6760710553814,8,1.0
2.547619,2.0,1,2.0,1,1,0,2.0,1,1,14.0,7,1.0
3.5,3.022727,1,2.0,1,0,0,2.0,2,2,22.0,9,1.0
3.238095,3.230769,3,4.0,1,1,1,1.0,2,1,32.0,8,1.0
3.270833,3.410714,3,4.0,0,1,1,2.0,2,3,32.6760710553814,8,1.0
3.8125,3.84,4,4.0,0,1,1,2.0,1,3,32.6760710553814,8,1.0
0.0,2.8201755787000775,1,2.0,1,1,0,2.0,2,2,32.6760710553814,5,0.0
2.5,2.8201755787000775,4,4.0,1,1,1,2.0,1,2,47.0,10,0.0
2.318182,1.552632,3,2.0,1,1,0,2.0,1,2,23.0,4,1.0
4.021739,3.952381,3,4.0,1,1,1,1.0,2,1,43.0,8,1.0
0.285714,2.8201755787000775,1,2.0,1,0,0,2.0,1,2,23.0,7,0.0
4.363636,4.184211,1,8.0,1,1,0,2.0,0,7,39.0,10,1.0
4.052632,3.222222,1,2.0,1,0,0,1.0,0,2,38.0,9,1.0
3.380952,2.840909,1,2.0,1,0,0,2.0,0,4,48.0,7,1.0
2.5,2.452381,3,4.0,0,1,1,2.0,1,3,32.6760710553814,7,1.0
4.309524,4.357143,1,2.0,1,1,0,2.0,1,4,43.0,9,1.0
1.75,1.071429,3,4.0,0,1,1,2.0,1,4,32.6760710553814,8,1.0
2.964286,3.111111,1,2.0,1,1,0,1.0,2,3,32.6760710553814,9,1.0
3.368421,2.152174,3,2.0,1,0,0,2.0,1,3,24.0,4,1.0
3.26087,2.857143,4,4.0,1,0,1,2.0,1,2,45.0,8,1.0
1.0,1.380952,3,4.0,1,1,1,1.0,2,1,26.0,8,0.0
0.375,0.0,1,2.0,1,0,0,1.0,1,2,22.0,9,0.0
3.28,3.166667,1,1.0,1,0,0,2.0,1,1,31.0,9,1.0
1.477273,1.5,3,4.0,1,1,1,2.0,2,1,15.0,10,1.0
2.357143,2.45,3,2.0,1,1,0,1.0,0,2,30.0,7,1.0
4.045455,4.236842,1,2.0,1,1,0,2.0,1,2,38.0,9,1.0
4.0,3.666667,1,2.0,1,1,0,1.0,2,3,32.6760710553814,9,1.0
0.0,2.8201755787000775,4,4.0,1,1,1,2.0,1,1,45.0,8,0.0
3.6,3.022727,3,4.0,0,1,1,1.0,2,3,32.6760710553814,8,1.0
3.571429,2.477273,3,4.0,0,1,1,2.0,1,4,32.6760710553814,4,1.0
3.852941,4.029412,1,2.0,1,0,0,2.0,0,7,34.0,9,1.0
1.964286,2.868421,3,4.0,1,1,1,2.0,2,1,44.0,10,1.0
4.285714,3.964286,4,4.0,1,1,1,2.0,1,3,47.0,10,1.0
3.4,3.096154,3,4.0,1,0,1,2.0,1,2,46.0,10,1.0
2.25,2.8201755787000775,1,2.0,1,1,0,2.0,1,3,20.0,9,0.0
3.204545,3.875,1,2.0,1,0,0,1.0,1,3,23.0,9,1.0
3.543478,3.538462,4,4.0,0,1,1,2.0,1,4,35.0,10,1.0
3.76,2.98,3,4.0,0,0,1,2.0,1,3,32.6760710553814,7,1.0
4.23913,4.021739,1,2.0,0,0,0,2.0,2,3,32.6760710553814,9,1.0
3.619048,3.565217,1,2.0,1,0,0,1.0,2,3,33.0,9,1.0
3.863636,3.840909,1,2.0,1,1,0,2.0,2,8,32.6760710553814,10,1.0
2.25,2.8201755787000775,1,2.0,1,1,0,2.0,1,2,34.0,9,0.0
2.472222,2.547619,3,4.0,0,1,1,2.0,1,3,32.6760710553814,7,1.0
1.605263,2.8201755787000775,1,2.0,1,1,0,2.0,1,1,22.0,9,0.0
2.941176,0.78125,1,2.0,1,1,0,2.0,1,1,32.6760710553814,9,1.0
3.613636,2.795455,3,4.0,1,1,1,2.0,1,2,46.0,8,1.0
3.375,3.047619,3,4.0,1,1,1,2.0,2,1,48.0,9,1.0
3.413043,2.98,3,4.0,0,1,1,2.0,2,3,32.6760710553814,10,1.0
3.847826,3.652174,3,4.0,1,1,1,2.0,2,1,47.0,8,1.0
3.62,4.145833,1,1.0,1,0,0,2.0,2,3,30.0,9,1.0
1.736842,0.0,1,2.0,1,1,0,2.0,1,2,19.0,7,1.0
3.652174,3.454545,3,4.0,0,1,1,2.0,2,3,32.6760710553814,8,1.0
1.52381,2.8201755787000775,1,2.0,1,1,0,2.0,2,5,36.0,9,0.0
1.961538,0.0,1,2.0,1,1,0,2.0,1,1,33.0,9,0.0
2.214286,2.8201755787000775,1,2.0,1,1,0,2.0,1,2,17.0,7,0.0
4.391304,4.192308,1,2.0,0,0,0,2.0,2,4,32.6760710553814,10,1.0
0.42,2.8201755787000775,1,2.0,1,1,0,2.0,1,1,32.6760710553814,3,0.0
3.057692,3.4,1,9.0,1,1,0,2.0,0,7,31.0,9,1.0
2.608696,2.403846,3,4.0,0,1,1,1.0,2,3,23.0,8,1.0
1.833333,0.75,3,4.0,1,1,1,1.0,1,2,16.0,3,1.0
4.095238,4.333333,1,2.0,1,1,0,1.0,2,3,32.6760710553814,10,1.0
4.021739,3.694444,1,2.0,1,1,0,1.0,1,1,37.0,9,0.0
3.52,1.85,1,2.0,1,1,0,2.0,1,1,38.0,5,0.0
4.304348,4.24,1,2.0,0,1,0,2.0,2,4,32.6760710553814,9,1.0
1.307692,1.15,1,2.0,1,1,0,2.0,0,1,18.0,7,1.0
0.97619,1.111111,1,2.0,1,1,0,2.0,1,1,32.6760710553814,10,0.0
3.913043,4.131579,1,2.0,1,1,0,2.0,2,4,24.0,5,1.0
3.304348,2.403846,3,4.0,0,1,1,2.0,1,3,32.6760710553814,7,1.0
4.153846,4.021739,3,4.0,0,1,1,2.0,2,3,48.0,8,1.0
2.214286,1.638889,1,2.0,1,1,0,2.0,1,2,23.0,7,1.0
2.263158,1.863636,1,2.0,1,0,0,2.0,1,1,16.0,7,1.0
2.425,2.565217,3,4.0,1,0,1,1.0,0,2,37.0,4,1.0
3.4375,3.192308,3,4.0,0,0,1,2.0,1,3,32.6760710553814,10,1.0
2.477273,1.54,3,4.0,0,0,1,2.0,1,3,32.6760710553814,9,1.0
3.847826,2.826923,3,4.0,0,1,1,2.0,1,3,32.6760710553814,10,1.0
3.630435,3.769231,3,2.0,0,1,0,2.0,2,5,32.6760710553814,8,1.0
0.78,2.8201755787000775,1,2.0,1,1,0,2.0,1,2,25.0,7,0.0
4.0,3.5,3,4.0,0,1,1,1.0,1,3,32.6760710553814,9,1.0
3.477273,3.596154,3,4.0,0,1,1,2.0,1,3,32.6760710553814,10,1.0
1.913043,3.25,1,2.0,1,1,0,2.0,1,2,35.0,9,0.0
1.352941,2.464286,1,2.0,1,0,0,2.0,1,6,22.0,3,1.0
3.0,3.16,3,4.0,0,1,1,2.0,2,4,32.6760710553814,8,1.0
1.928571,2.807692,3,4.0,1,0,1,2.0,1,2,44.0,8,1.0
4.363636,4.431818,1,2.0,1,0,0,2.0,2,5,47.0,9,1.0
3.037037,3.204545,4,4.0,0,0,1,1.0,1,3,32.6760710553814,8,1.0
2.947368,2.388889,1,2.0,1,1,0,2.0,1,2,16.0,9,1.0
2.46875,2.8201755787000775,1,2.0,1,1,0,2.0,1,2,32.6760710553814,7,0.0
2.552632,1.615385,1,2.0,1,1,0,2.0,1,3,29.0,9,1.0
4.090909,4.0,1,2.0,1,0,0,2.0,1,1,31.0,9,1.0
3.5625,3.729167,3,4.0,1,1,1,2.0,2,1,47.0,8,1.0
0.52,2.8201755787000775,3,2.0,1,1,0,2.0,0,4,32.0,4,0.0
2.0,0.0,4,4.0,1,0,1,2.0,1,2,46.0,8,1.0
0.0,1.727273,1,2.0,1,1,0,2.0,0,4,14.0,3,1.0
3.525,3.021739,1,2.0,1,1,0,2.0,1,2,36.0,9,1.0
2.75,3.0,3,4.0,0,1,1,2.0,2,3,32.6760710553814,8,1.0
2.916667,2.35,3,2.0,1,1,0,2.0,1,2,40.0,8,1.0
3.608696,3.611111,1,2.0,1,0,0,2.0,1,1,40.0,9,1.0
2.657895,1.5625,1,2.0,1,1,0,2.0,1,2,27.0,9,1.0
0.5,2.5,3,4.0,1,0,1,2.0,1,4,32.6760710553814,5,1.0
4.347826,4.06,1,2.0,0,0,0,1.0,2,3,32.6760710553814,9,1.0
2.86,2.375,3,4.0,0,1,1,2.0,1,3,32.6760710553814,10,1.0
3.347826,3.263158,4,4.0,1,0,1,1.0,1,2,21.0,9,1.0
2.52381,2.8201755787000775,1,2.0,1,1,0,2.0,1,1,35.0,9,0.0
2.8,2.75,1,2.0,1,0,0,1.0,1,1,20.0,7,1.0
3.547619,3.022727,1,2.0,1,1,0,2.0,1,1,21.0,8,1.0
2.681818,2.340909,3,4.0,0,1,1,2.0,1,3,32.6760710553814,10,1.0
3.25,2.673077,3,2.0,1,1,0,2.0,1,2,36.0,4,1.0
3.645833,2.717391,1,2.0,1,1,0,2.0,1,2,23.0,7,1.0
0.0,2.8201755787000775,1,2.0,1,0,0,2.0,1,2,14.0,5,0.0
1.62,1.5,1,2.0,1,1,0,2.0,1,1,19.0,7,1.0
3.895833,2.86,3,4.0,0,1,1,2.0,1,3,32.6760710553814,9,1.0
1.125,2.0,3,2.0,1,0,0,2.0,0,3,36.0,8,1.0
4.019231,4.23913,1,2.0,0,1,0,2.0,2,3,32.6760710553814,9,1.0
2.96,3.26,1,2.0,1,0,0,1.0,1,3,47.0,9,1.0
2.547619,0.25,1,2.0,1,1,0,2.0,1,2,35.0,9,1.0
3.1875,3.634615,3,4.0,0,1,1,2.0,2,3,32.6760710553814,10,1.0
0.0,0.0,3,2.0,1,1,0,2.0,1,2,39.0,9,0.0
3.931818,3.956522,1,2.0,1,0,0,2.0,1,3,32.6760710553814,5,1.0
3.909091,3.604167,1,2.0,1,1,0,1.0,2,3,38.0,9,1.0
1.782609,2.138889,3,4.0,1,1,1,1.0,1,2,13.0,4,1.0
1.388889,1.111111,1,2.0,1,0,0,2.0,0,4,39.0,10,1.0
3.804348,3.645833,3,4.0,0,1,1,1.0,2,3,32.6760710553814,10,1.0
3.583333,2.526316,3,8.0,1,1,0,2.0,0,8,49.0,10,1.0
1.119048,0.785714,1,2.0,1,1,0,2.0,1,2,35.0,7,1.0
0.0,2.8201755787000775,1,2.0,1,0,0,1.0,1,1,18.0,7,0.0
2.173913,2.157895,3,4.0,1,1,1,2.0,1,2,36.0,8,1.0
2.333333,1.972222,3,4.0,0,1,1,2.0,2,3,32.6760710553814,4,1.0
2.142857,1.947368,1,2.0,1,1,0,2.0,2,3,33.0,10,1.0
2.642857,2.181818,3,2.0,1,1,0,2.0,0,3,32.6760710553814,4,1.0
2.92,3.240741,3,4.0,0,1,1,1.0,1,3,32.6760710553814,3,1.0
2.409091,3.365385,3,4.0,0,0,1,2.0,1,3,32.6760710553814,9,1.0
3.309524,2.847826,3,2.0,1,0,0,1.0,1,2,29.0,7,1.0
4.5,4.384615,3,4.0,1,1,1,2.0,0,2,46.0,4,1.0
2.583333,2.865385,3,4.0,0,1,1,2.0,2,3,32.6760710553814,8,1.0
2.947368,3.111111,1,2.0,1,1,0,1.0,0,3,27.0,9,1.0
2.9,2.4,3,2.0,1,1,0,2.0,1,2,29.0,7,1.0
2.975,2.75,1,2.0,1,1,0,2.0,1,1,29.0,9,1.0
3.652174,3.62,1,2.0,1,0,0,2.0,2,3,29.0,7,1.0
3.575,3.952381,4,4.0,1,1,1,2.0,1,1,49.0,4,1.0
2.0,1.863636,1,2.0,1,1,0,2.0,0,3,14.0,3,1.0
0.97619,0.0,1,2.0,1,1,0,2.0,1,1,45.0,9,0.0
2.0,1.909091,1,2.0,1,0,0,2.0,1,1,38.0,9,1.0
2.55,3.294118,3,2.0,1,1,0,1.0,1,3,21.0,10,1.0
2.083333,2.019231,3,4.0,0,1,1,1.0,1,3,32.6760710553814,8,1.0
2.263158,2.8201755787000775,1,2.0,1,1,0,2.0,1,1,23.0,9,0.0
3.977273,4.043478,1,2.0,1,1,0,2.0,1,1,43.0,9,1.0
1.269231,0.266667,1,2.0,1,1,0,2.0,1,1,16.0,8,1.0
4.173913,4.02,1,2.0,0,0,0,2.0,2,5,32.6760710553814,9,1.0
1.863636,2.428571,1,2.0,1,1,0,2.0,1,1,11.0,3,1.0
3.380952,2.5,1,2.0,1,1,0,2.0,1,2,19.0,10,1.0
3.543478,3.692308,3,4.0,0,1,1,2.0,2,3,32.6760710553814,8,1.0
4.363636,3.736842,1,2.0,1,1,0,2.0,1,1,28.0,9,1.0
2.978261,2.769231,1,4.0,0,0,1,1.0,2,3,28.0,8,1.0
4.214286,3.772727,1,2.0,1,1,0,1.0,2,4,43.0,9,1.0
0.0,0.0,1,2.0,1,1,0,2.0,1,1,23.0,9,0.0
4.2,3.631579,1,2.0,1,0,0,2.0,1,2,35.0,9,1.0
3.565217,3.403846,3,4.0,0,1,1,1.0,1,3,32.6760710553814,7,1.0
3.94,4.022727,1,2.0,1,0,0,1.0,2,3,25.0,9,1.0
0.0,2.8201755787000775,3,4.0,1,1,1,2.0,2,2,32.6760710553814,7,0.0
0.0,2.8201755787000775,3,4.0,0,1,1,2.0,0,4,32.6760710553814,7,0.0
0.0,0.0,3,8.0,1,1,0,2.0,0,3,16.0,7,0.0
4.09375,1.022727,3,2.0,1,0,0,2.0,1,3,44.0,9,0.0
0.5,2.8201755787000775,3,4.0,0,1,1,2.0,2,3,32.6760710553814,10,0.0
4.282609,4.027778,3,4.0,1,1,1,2.0,2,2,45.0,10,1.0
4.369565,4.461538,1,2.0,0,1,0,2.0,2,4,32.6760710553814,9,1.0
1.647059,1.869565,3,4.0,1,1,1,2.0,1,1,34.0,8,1.0
1.176471,2.8201755787000775,3,4.0,0,1,1,1.0,2,3,32.6760710553814,7,0.0
0.0,0.0,1,2.0,1,0,0,2.0,1,2,34.0,7,1.0
0.18,0.0,1,2.0,1,1,0,2.0,1,3,17.0,7,0.0
4.261905,3.704545,3,2.0,1,0,0,2.0,2,6,49.0,8,1.0
2.7,1.944444,1,2.0,1,0,0,1.0,2,3,37.0,9,1.0
2.454545,1.695652,3,2.0,1,1,0,2.0,1,2,35.0,4,0.0
3.526316,3.1,1,2.0,1,1,0,2.0,1,1,32.6760710553814,9,1.0
1.82,2.777778,1,2.0,1,1,0,2.0,1,1,32.6760710553814,9,1.0
2.0,0.0,3,4.0,1,1,1,1.0,2,2,22.0,4,0.0
1.676471,2.6,1,2.0,1,1,0,2.0,1,2,32.6760710553814,9,1.0
2.1,1.75,1,2.0,1,1,0,2.0,1,1,21.0,7,1.0
3.673077,3.782609,3,4.0,0,1,1,2.0,2,3,32.6760710553814,10,1.0
4.5,2.8201755787000775,1,2.0,1,0,0,2.0,1,4,42.0,9,0.0
2.117647,1.9,3,4.0,1,1,1,2.0,1,2,28.0,7,0.0
0.0,2.8201755787000775,3,4.0,1,1,1,2.0,1,3,42.0,1,0.0
1.933333,2.770833,3,4.0,1,1,1,2.0,2,2,34.0,8,1.0
2.173913,3.02381,3,4.0,0,1,1,2.0,2,3,32.6760710553814,10,1.0
2.65,2.275,3,4.0,1,1,1,2.0,2,5,32.6760710553814,5,0.0
1.173913,2.8201755787000775,1,1.0,1,0,0,2.0,1,1,15.0,7,0.0
2.526316,2.368421,3,2.0,1,1,0,2.0,0,2,25.0,7,1.0
1.55,2.184211,1,2.0,1,1,0,2.0,1,1,28.0,7,1.0
3.869565,3.071429,3,2.0,1,0,0,2.0,2,5,34.0,8,0.0
4.136364,3.804348,1,2.0,1,1,0,2.0,1,3,48.0,9,1.0
4.065217,3.217391,4,4.0,1,1,1,2.0,1,3,48.0,4,1.0
4.38,4.26087,3,4.0,0,1,1,2.0,1,3,32.6760710553814,8,1.0
3.4,3.386364,3,4.0,0,1,1,1.0,2,4,32.6760710553814,8,1.0
4.25,4.090909,1,2.0,1,0,0,2.0,2,3,30.0,9,1.0
2.547619,2.8201755787000775,1,2.0,1,1,0,2.0,2,3,13.0,7,0.0
1.725,1.75,3,4.0,0,1,1,2.0,2,3,32.6760710553814,4,1.0
2.1,1.428571,1,2.0,1,1,0,2.0,1,2,27.0,7,1.0
1.884615,0.882353,3,4.0,1,1,1,2.0,2,2,28.0,8,1.0
3.521739,3.47619,4,4.0,1,0,1,1.0,1,1,36.0,8,1.0
0.0,2.8201755787000775,3,4.0,0,1,1,1.0,1,3,32.6760710553814,10,0.0
3.704545,3.263158,1,2.0,1,1,0,2.0,2,4,32.0,10,1.0
3.586957,3.38,3,4.0,0,1,1,2.0,2,3,32.6760710553814,10,1.0
2.190476,2.62,1,8.0,0,0,0,2.0,2,7,40.0,10,1.0
1.972222,2.1875,3,2.0,1,0,0,2.0,1,7,32.6760710553814,4,1.0
3.75,3.76087,1,2.0,1,1,0,2.0,2,3,33.0,5,1.0
0.0,2.8201755787000775,4,4.0,1,0,1,2.0,1,2,42.0,8,0.0
3.833333,3.980769,3,4.0,0,0,1,2.0,1,3,32.6760710553814,10,1.0
3.869565,3.909091,1,2.0,1,0,0,1.0,2,4,26.0,9,1.0
2.75,3.0,1,2.0,1,1,0,2.0,1,1,21.0,7,1.0
4.369565,4.5,1,2.0,1,0,0,1.0,2,3,34.0,9,1.0
4.25,4.0,1,2.0,0,1,0,2.0,2,4,32.6760710553814,8,1.0
2.714286,3.027778,1,2.0,1,0,0,1.0,0,4,25.0,9,1.0
2.5,2.4,3,2.0,1,1,0,2.0,1,2,36.0,4,1.0
0.5,2.8201755787000775,1,2.0,1,0,0,1.0,1,1,15.0,10,0.0
2.6,2.619048,3,4.0,0,1,1,1.0,2,3,32.6760710553814,10,1.0
2.725,2.659091,3,4.0,0,1,1,2.0,2,3,32.6760710553814,4,1.0
3.347826,3.18,3,4.0,0,1,1,2.0,2,3,32.6760710553814,8,1.0
3.21875,2.058824,1,2.0,1,1,0,2.0,1,3,21.0,9,1.0
2.1875,1.5,1,2.0,1,1,0,2.0,1,1,22.0,9,1.0
3.613636,3.157895,1,2.0,1,1,0,2.0,1,2,48.0,9,1.0
2.642857,2.75,1,2.0,1,1,0,1.0,1,1,35.0,9,0.0
1.275,0.42,3,4.0,0,1,1,2.0,1,3,32.6760710553814,7,1.0
3.411765,3.904762,4,4.0,1,1,1,2.0,1,1,47.0,4,1.0
3.333333,3.673077,3,4.0,0,1,1,2.0,1,3,32.6760710553814,7,1.0
1.833333,3.3125,1,2.0,1,0,0,2.0,1,1,22.0,9,1.0
0.846154,2.25,4,4.0,1,1,1,2.0,1,2,49.0,4,1.0
3.05,2.547619,3,4.0,0,1,1,1.0,1,3,32.6760710553814,9,1.0
1.095238,2.8201755787000775,1,2.0,1,1,0,2.0,0,3,20.0,7,0.0
2.605263,1.222222,1,2.0,1,0,0,2.0,1,1,30.0,9,1.0
0.0,0.0,1,2.0,1,1,0,2.0,0,2,32.6760710553814,5,0.0
3.48,3.413043,4,4.0,1,1,1,2.0,1,2,42.0,8,1.0
3.166667,2.777778,3,2.0,1,0,0,2.0,2,7,45.0,8,0.0
0.0,2.8201755787000775,1,2.0,1,1,0,2.0,1,2,27.0,9,0.0
3.92,3.942308,3,4.0,0,0,1,2.0,1,4,32.6760710553814,10,1.0
2.659091,2.272727,1,2.0,1,0,0,2.0,2,3,32.6760710553814,5,0.0
2.305556,1.5,1,2.0,1,0,0,1.0,1,1,32.6760710553814,8,1.0
2.92,2.8201755787000775,1,8.0,1,1,0,2.0,0,8,21.0,7,0.0
0.0,2.8201755787000775,1,2.0,1,1,0,2.0,1,4,32.6760710553814,9,0.0
2.921053,2.588235,1,2.0,1,0,0,2.0,2,4,28.0,7,1.0
0.0,2.8201755787000775,1,2.0,1,1,0,2.0,1,1,19.0,9,0.0
3.065217,3.066667,1,2.0,1,1,0,2.0,1,1,22.0,9,1.0
2.333333,1.74,3,4.0,1,1,1,2.0,0,4,37.0,10,0.0
2.21875,2.775,1,2.0,1,0,0,1.0,2,5,19.0,9,1.0
4.130435,3.88,3,4.0,0,1,1,2.0,2,3,32.6760710553814,10,1.0
3.75,2.910714,3,4.0,0,1,1,2.0,2,3,32.6760710553814,8,1.0
1.394737,0.631579,3,2.0,1,0,0,2.0,2,2,24.0,4,1.0
3.452381,3.636364,1,2.0,1,1,0,1.0,2,5,39.0,4,1.0
3.5,3.386364,4,4.0,1,1,1,2.0,1,4,49.0,9,1.0
1.645833,0.0,1,2.0,1,0,0,2.0,1,2,42.0,9,0.0
2.325,2.575,3,4.0,1,1,1,2.0,2,3,32.6760710553814,8,1.0
2.522727,0.0,1,2.0,1,1,0,2.0,1,6,39.0,9,0.0
4.2,4.375,1,8.0,1,0,0,2.0,2,7,50.0,8,1.0
0.391304,2.8201755787000775,1,8.0,1,1,0,1.0,0,7,33.0,9,0.0
3.22,1.875,1,2.0,1,1,0,2.0,1,2,35.0,7,1.0
3.26087,3.096154,3,2.0,0,1,0,2.0,2,7,32.6760710553814,8,1.0
2.391304,2.763158,3,4.0,1,1,1,2.0,2,2,13.0,8,1.0
2.956522,1.82,4,4.0,0,1,1,2.0,1,3,32.6760710553814,7,1.0
2.666667,2.52381,4,5.0,1,1,1,2.0,1,1,41.0,4,1.0
4.0,4.333333,1,8.0,1,1,0,2.0,1,5,16.0,9,1.0
0.652174,2.8201755787000775,1,2.0,1,1,0,2.0,1,2,31.0,7,0.0
2.891304,2.846154,3,4.0,0,1,1,2.0,1,3,32.6760710553814,9,1.0
3.25,2.413043,1,2.0,1,1,0,2.0,1,1,32.6760710553814,7,1.0
1.315789,0.0,1,2.0,1,0,0,2.0,1,3,28.0,9,0.0
3.738095,2.8201755787000775,1,2.0,1,1,0,2.0,2,3,21.0,7,1.0
3.675,3.5,1,2.0,0,1,0,1.0,2,3,32.6760710553814,9,1.0
1.869565,2.375,1,2.0,1,0,0,1.0,1,1,23.0,7,1.0
3.357143,3.347826,1,2.0,1,0,0,1.0,2,4,30.0,9,1.0
3.695652,3.952381,3,4.0,1,1,1,2.0,2,2,42.0,8,1.0
1.413043,0.0,4,4.0,1,1,1,2.0,1,1,47.0,10,0.0
4.36,4.074074,1,2.0,0,0,0,1.0,2,4,32.6760710553814,10,1.0
2.020833,2.45,1,2.0,1,0,0,2.0,1,1,18.0,9,1.0
4.021739,4.357143,4,4.0,1,0,1,1.0,1,2,46.0,8,1.0
2.133333,3.205882,1,2.0,1,1,0,1.0,1,1,27.0,9,1.0
